file,type,content
1.FCM內控-總則---114.04.md,noise,114年4月 0 - 1 臺灣期貨交易所
1.FCM內控-總則---114.04.md,noise,114年4月 0 - 2 臺灣期貨交易所
1.FCM內控-總則---114.04.md,noise,114年4月 0 - 3 臺灣期貨交易所
1.FCM內控-總則---114.04.md,header,期貨商內部控制制度
1.FCM內控-總則---114.04.md,header,總則
1.FCM內控-總則---114.04.md,header,期貨商內部控制制度
1110921新興科技資通安全自律規範及修正對照表.md,page,1
1110921新興科技資通安全自律規範及修正對照表.md,page,2
1110921新興科技資通安全自律規範及修正對照表.md,page,3
2.FCM內控CA---壹、業務及收入循環 ---114.04.md,noise,114年4月 1-1 臺灣期貨交易所
2.FCM內控CA---壹、業務及收入循環 ---114.04.md,noise,114年4月 1-2 臺灣期貨交易所
2.FCM內控CA---壹、業務及收入循環 ---114.04.md,noise,114年4月 1-3 臺灣期貨交易所
2.FCM內控CA---壹、業務及收入循環 ---114.04.md,header,期貨商內部控制制度
2.FCM內控CA---壹、業務及收入循環 ---114.04.md,header,壹、業務及收入循環
2.FCM內控CA---壹、業務及收入循環 ---114.04.md,header,期貨商內部控制制度
3.FCM內控CP ---貳、採購及付款循環 ---114.04.md,noise,114年4月 2 - 1 臺灣期貨交易所
3.FCM內控CP ---貳、採購及付款循環 ---114.04.md,noise,114年4月 2 - 2 臺灣期貨交易所
3.FCM內控CP ---貳、採購及付款循環 ---114.04.md,noise,114年4月 2 - 3 臺灣期貨交易所
3.FCM內控CP ---貳、採購及付款循環 ---114.04.md,header,期貨商內部控制制度
3.FCM內控CP ---貳、採購及付款循環 ---114.04.md,header,貳、採購及付款循環
3.FCM內控CP ---貳、採購及付款循環 ---114.04.md,header,期貨商內部控制制度
4.FCM內控CW---參 、薪工循環---114.04.md,noise,114年4月 臺灣期貨交易所
4.FCM內控CW---參 、薪工循環---114.04.md,noise,114年4月 臺灣期貨交易所
4.FCM內控CW---參 、薪工循環---114.04.md,noise,114年4月 臺灣期貨交易所
4.FCM內控CW---參 、薪工循環---114.04.md,header,期貨商內部控制制度
4.FCM內控CW---參 、薪工循環---114.04.md,header,參、薪工循環
4.FCM內控CW---參 、薪工循環---114.04.md,header,期貨商內部控制制度
5.FCM內控CR---肆、融資循環---114.04.md,noise,114年4月 4-1 臺灣期貨交易所
5.FCM內控CR---肆、融資循環---114.04.md,noise,114年4月 4-2 臺灣期貨交易所
5.FCM內控CR---肆、融資循環---114.04.md,noise,114年4月 4-3 臺灣期貨交易所
5.FCM內控CR---肆、融資循環---114.04.md,header,期貨商內部控制制度
5.FCM內控CR---肆、融資循環---114.04.md,header,肆、融資循環
5.FCM內控CR---肆、融資循環---114.04.md,header,期貨商內部控制制度
6.FCM內控CF---伍、不動產及設備循環---114.04.md,noise,114年4月 5-1 臺灣期貨交易所
6.FCM內控CF---伍、不動產及設備循環---114.04.md,noise,114年4月 5-2 臺灣期貨交易所
6.FCM內控CF---伍、不動產及設備循環---114.04.md,noise,114年4月 5-3 臺灣期貨交易所
6.FCM內控CF---伍、不動產及設備循環---114.04.md,header,期貨商內部控制制度
6.FCM內控CF---伍、不動產及設備循環---114.04.md,header,伍、不動產及設備循環
6.FCM內控CF---伍、不動產及設備循環---114.04.md,header,期貨商內部控制制度
7.FCM內控CI---陸、投資循環---114.04.md,noise,114年4月 6-1 臺灣期貨交易所
7.FCM內控CI---陸、投資循環---114.04.md,noise,114年4月 6-2 臺灣期貨交易所
7.FCM內控CI---陸、投資循環---114.04.md,noise,114年4月 6-3 臺灣期貨交易所
7.FCM內控CI---陸、投資循環---114.04.md,page,25000
7.FCM內控CI---陸、投資循環---114.04.md,header,期貨商內部控制制度
7.FCM內控CI---陸、投資循環---114.04.md,header,陸、投資循環
7.FCM內控CI---陸、投資循環---114.04.md,header,期貨商內部控制制度
8.FCM內控CC---柒、電腦作業與資訊提供---114.04.md,noise,114年4月 7-1 臺灣期貨交易所
8.FCM內控CC---柒、電腦作業與資訊提供---114.04.md,noise,114年4月 7-2 臺灣期貨交易所
8.FCM內控CC---柒、電腦作業與資訊提供---114.04.md,noise,114年4月 7-3 臺灣期貨交易所
8.FCM內控CC---柒、電腦作業與資訊提供---114.04.md,header,期貨商內部控制制度
8.FCM內控CC---柒、電腦作業與資訊提供---114.04.md,header,柒、電腦作業與資訊提供
8.FCM內控CC---柒、電腦作業與資訊提供---114.04.md,header,期貨商內部控制制度
9.FCM內控CM---捌、管理控制制度---114.04.md,noise,114年4月 8-1 臺灣期貨交易所
9.FCM內控CM---捌、管理控制制度---114.04.md,noise,114年4月 8-2 臺灣期貨交易所
9.FCM內控CM---捌、管理控制制度---114.04.md,noise,114年4月 8-3 臺灣期貨交易所
9.FCM內控CM---捌、管理控制制度---114.04.md,header,期貨商內部控制制度
9.FCM內控CM---捌、管理控制制度---114.04.md,header,捌、管理控制制度
9.FCM內控CM---捌、管理控制制度---114.04.md,header,期貨商內部控制制度
~內部控制制度總則(114.04.11修)--FOREWORD.md,page,1
~內部控制制度總則(114.04.11修)--FOREWORD.md,page,2
~內部控制制度總則(114.04.11修)--FOREWORD.md,page,3
保險業經營行動服務自律規範(原為「保險業經營行動投保業務自律規範」)全條文(1130805).md,page,1
保險業經營行動服務自律規範(原為「保險業經營行動投保業務自律規範」)全條文(1130805).md,page,2
保險業經營行動服務自律規範(原為「保險業經營行動投保業務自律規範」)全條文(1130805).md,page,3
保險業經營行動服務自律規範(原為「保險業經營行動投保業務自律規範」)全條文(1130805).md,header,統內。
保險業經營行動服務自律規範(原為「保險業經營行動投保業務自律規範」)全條文(1130805).md,header,統內。
保險業經營行動服務自律規範(原為「保險業經營行動投保業務自律規範」)全條文(1130805).md,header,統內。
保險業經營電子商務自律規範全條文(114.11.10金管保綜字第1140433678號).md,page,1
保險業經營電子商務自律規範全條文(114.11.10金管保綜字第1140433678號).md,page,2
保險業經營電子商務自律規範全條文(114.11.10金管保綜字第1140433678號).md,page,3
保險業辦理資訊安全防護自律規範(113.07.18金管保綜字第1130138369號 ).md,page,1
保險業辦理資訊安全防護自律規範(113.07.18金管保綜字第1130138369號 ).md,page,2
保險業辦理資訊安全防護自律規範(113.07.18金管保綜字第1130138369號 ).md,page,3
保險業辦理資訊安全防護自律規範-2.md,page,1
保險業辦理資訊安全防護自律規範-2.md,page,2
保險業辦理資訊安全防護自律規範-2.md,page,3
保險業辦理資訊安全防護自律規範-3.md,page,1
保險業辦理資訊安全防護自律規範-3.md,page,2
保險業辦理資訊安全防護自律規範-3.md,page,3
保險業辦理資訊安全防護自律規範-4.md,page,1
保險業辦理資訊安全防護自律規範-5.md,page,1
保險業辦理資訊安全防護自律規範-5.md,page,2
保險業辦理資訊安全防護自律規範-6.md,page,1
保險業辦理資訊安全防護自律規範-6.md,page,2
保險業辦理資訊安全防護自律規範-6.md,page,3
保險業辦理電子保單簽發及辦理電子化保險契約條款保單作業自律規範.md,page,1
保險業辦理電子保單簽發及辦理電子化保險契約條款保單作業自律規範.md,page,2
保險業辦理電子保單簽發及辦理電子化保險契約條款保單作業自律規範.md,page,3
建立期貨商資通安全檢查機制_所有條文.md,header,錄。
建立期貨商資通安全檢查機制_所有條文.md,header,錄。
建立期貨商資通安全檢查機制_所有條文.md,header,錄。
建立證券商資通安全檢查機制.md,header,。
建立證券商資通安全檢查機制.md,header,。
建立證券商資通安全檢查機制.md,header,。
期貨商作業委託他人處理應注意事項逐點說明.md,page,1
期貨商作業委託他人處理應注意事項逐點說明.md,page,2
期貨商作業委託他人處理應注意事項逐點說明.md,page,3
期貨商受理通信或電子化方式開戶應行注意事項.md,page,1
期貨商受理通信或電子化方式開戶應行注意事項.md,page,2
期貨商受理通信或電子化方式開戶應行注意事項.md,page,3
財團法人中華民國證券櫃檯買賣中心證券商經營自行買賣具證券性質之虛擬通貨業務管理辦法1090120.md,page,1
財團法人中華民國證券櫃檯買賣中心證券商經營自行買賣具證券性質之虛擬通貨業務管理辦法1090120.md,page,2
財團法人中華民國證券櫃檯買賣中心證券商經營自行買賣具證券性質之虛擬通貨業務管理辦法1090120.md,page,3
金融機構使用物聯網設備安全控管規範_1100430.md,page,1
金融機構使用物聯網設備安全控管規範_1100430.md,page,1
金融機構資訊系統安全基準.md,page,- 1 -
金融機構資訊系統安全基準.md,page,- 2 -
金融機構資訊系統安全基準.md,page,- 3 -
金融機構資訊系統安全基準.md,header,金融機構資訊系統安全基準
金融機構資訊系統安全基準.md,header,中華民國銀行商業同業公會全國聯合會
金融機構資訊系統安全基準.md,header,中華民國一○五年九月修訂版
金融機構資通安全防護基準.md,page,1
金融機構資通安全防護基準.md,page,2
金融機構資通安全防護基準.md,page,3
金融機構資通安全防護基準.md,header,性。
金融機構資通安全防護基準.md,header,性。
金融機構資通安全防護基準.md,header,性。
金融機構辦理電子銀行業務安全控管作業基準含附錄1150107.md,page,-1 -
金融機構辦理電子銀行業務安全控管作業基準含附錄1150107.md,page,- 2 -
金融機構辦理電子銀行業務安全控管作業基準含附錄1150107.md,page,- 3 -
金融機構辦理電子銀行業務安全控管作業基準含附錄1150107.md,header,中華民國銀行商業同業公會全國聯合會
金融機構辦理電子銀行業務安全控管作業基準含附錄1150107.md,header,金融業務電子化委員會
金融機構辦理電子銀行業務安全控管作業基準含附錄1150107.md,header,1150107版本
附件1_金融機構使用電子簽名機制安全控管作業規範_20240306.md,page,-1 -
附件1_金融機構使用電子簽名機制安全控管作業規範_20240306.md,page,- 2 -
附件1_金融機構使用電子簽名機制安全控管作業規範_20240306.md,page,- 3 -
附件1_金融機構運用新興科技作業規範1090417.md,page,1
附件1_金融機構運用新興科技作業規範1090417.md,page,2
附件1_金融機構運用新興科技作業規範1090417.md,page,3
附件一_金融機構提供自動櫃員機系統安全作業規範1140709.md,page,1
附件一_金融機構提供自動櫃員機系統安全作業規範1140709.md,page,2
附件一_金融機構提供自動櫃員機系統安全作業規範1140709.md,page,3
附件一_金融機構運用人工智慧技術作業規範1141012.md,page,1
附件一_金融機構運用人工智慧技術作業規範1141012.md,page,2
附件一_金融機構運用人工智慧技術作業規範1141012.md,page,3
