file_name,base_table_id,merged_table_id,ml,cr_used,action,status
2.FCM內控CA---壹、業務及收入循環 ---114.04.md,2.FCM內控CA---壹、業務及收入循環 ---114.04_table_1,2.FCM內控CA---壹、業務及收入循環 ---114.04_table_2,1,1,merge_first_row_only_drop_intervening_text,merged
2.FCM內控CA---壹、業務及收入循環 ---114.04.md,2.FCM內控CA---壹、業務及收入循環 ---114.04_table_1,2.FCM內控CA---壹、業務及收入循環 ---114.04_table_3,1,1,merge_first_row_only_drop_intervening_text,merged
2.FCM內控CA---壹、業務及收入循環 ---114.04.md,2.FCM內控CA---壹、業務及收入循環 ---114.04_table_1,2.FCM內控CA---壹、業務及收入循環 ---114.04_table_4,1,1,merge_first_row_only_drop_intervening_text,merged
2.FCM內控CA---壹、業務及收入循環 ---114.04.md,2.FCM內控CA---壹、業務及收入循環 ---114.04_table_1,2.FCM內控CA---壹、業務及收入循環 ---114.04_table_5,1,1,merge_first_row_only_drop_intervening_text,merged
2.FCM內控CA---壹、業務及收入循環 ---114.04.md,2.FCM內控CA---壹、業務及收入循環 ---114.04_table_1,2.FCM內控CA---壹、業務及收入循環 ---114.04_table_6,1,1,merge_first_row_only_drop_intervening_text,merged
2.FCM內控CA---壹、業務及收入循環 ---114.04.md,2.FCM內控CA---壹、業務及收入循環 ---114.04_table_1,2.FCM內控CA---壹、業務及收入循環 ---114.04_table_7,1,1,merge_first_row_only_drop_intervening_text,merged
2.FCM內控CA---壹、業務及收入循環 ---114.04.md,2.FCM內控CA---壹、業務及收入循環 ---114.04_table_1,2.FCM內控CA---壹、業務及收入循環 ---114.04_table_8,1,1,merge_first_row_only_drop_intervening_text,merged
2.FCM內控CA---壹、業務及收入循環 ---114.04.md,2.FCM內控CA---壹、業務及收入循環 ---114.04_table_1,2.FCM內控CA---壹、業務及收入循環 ---114.04_table_9,1,1,merge_first_row_only_drop_intervening_text,merged
2.FCM內控CA---壹、業務及收入循環 ---114.04.md,2.FCM內控CA---壹、業務及收入循環 ---114.04_table_1,2.FCM內控CA---壹、業務及收入循環 ---114.04_table_10,1,1,merge_first_row_only_drop_intervening_text,merged
2.FCM內控CA---壹、業務及收入循環 ---114.04.md,2.FCM內控CA---壹、業務及收入循環 ---114.04_table_1,2.FCM內控CA---壹、業務及收入循環 ---114.04_table_11,1,1,merge_first_row_only_drop_intervening_text,merged
2.FCM內控CA---壹、業務及收入循環 ---114.04.md,2.FCM內控CA---壹、業務及收入循環 ---114.04_table_1,2.FCM內控CA---壹、業務及收入循環 ---114.04_table_12,1,1,merge_first_row_only_drop_intervening_text,merged
2.FCM內控CA---壹、業務及收入循環 ---114.04.md,2.FCM內控CA---壹、業務及收入循環 ---114.04_table_1,2.FCM內控CA---壹、業務及收入循環 ---114.04_table_13,1,1,merge_first_row_only_drop_intervening_text,merged
2.FCM內控CA---壹、業務及收入循環 ---114.04.md,2.FCM內控CA---壹、業務及收入循環 ---114.04_table_1,2.FCM內控CA---壹、業務及收入循環 ---114.04_table_14,1,1,merge_first_row_only_drop_intervening_text,merged
2.FCM內控CA---壹、業務及收入循環 ---114.04.md,2.FCM內控CA---壹、業務及收入循環 ---114.04_table_1,2.FCM內控CA---壹、業務及收入循環 ---114.04_table_15,1,1,merge_first_row_only_drop_intervening_text,merged
2.FCM內控CA---壹、業務及收入循環 ---114.04.md,2.FCM內控CA---壹、業務及收入循環 ---114.04_table_1,2.FCM內控CA---壹、業務及收入循環 ---114.04_table_16,1,1,merge_first_row_only_drop_intervening_text,merged
2.FCM內控CA---壹、業務及收入循環 ---114.04.md,2.FCM內控CA---壹、業務及收入循環 ---114.04_table_1,2.FCM內控CA---壹、業務及收入循環 ---114.04_table_17,1,1,merge_first_row_only_drop_intervening_text,merged
2.FCM內控CA---壹、業務及收入循環 ---114.04.md,2.FCM內控CA---壹、業務及收入循環 ---114.04_table_1,2.FCM內控CA---壹、業務及收入循環 ---114.04_table_18,1,1,merge_first_row_only_drop_intervening_text,merged
2.FCM內控CA---壹、業務及收入循環 ---114.04.md,2.FCM內控CA---壹、業務及收入循環 ---114.04_table_1,2.FCM內控CA---壹、業務及收入循環 ---114.04_table_19,1,1,merge_first_row_only_drop_intervening_text,merged
2.FCM內控CA---壹、業務及收入循環 ---114.04.md,2.FCM內控CA---壹、業務及收入循環 ---114.04_table_1,2.FCM內控CA---壹、業務及收入循環 ---114.04_table_20,1,1,merge_first_row_only_drop_intervening_text,merged
2.FCM內控CA---壹、業務及收入循環 ---114.04.md,2.FCM內控CA---壹、業務及收入循環 ---114.04_table_1,2.FCM內控CA---壹、業務及收入循環 ---114.04_table_21,1,1,merge_first_row_only_drop_intervening_text,merged
2.FCM內控CA---壹、業務及收入循環 ---114.04.md,2.FCM內控CA---壹、業務及收入循環 ---114.04_table_1,2.FCM內控CA---壹、業務及收入循環 ---114.04_table_22,1,1,merge_first_row_only_drop_intervening_text,merged
2.FCM內控CA---壹、業務及收入循環 ---114.04.md,2.FCM內控CA---壹、業務及收入循環 ---114.04_table_1,2.FCM內控CA---壹、業務及收入循環 ---114.04_table_23,1,1,merge_first_row_only_drop_intervening_text,merged
2.FCM內控CA---壹、業務及收入循環 ---114.04.md,2.FCM內控CA---壹、業務及收入循環 ---114.04_table_1,2.FCM內控CA---壹、業務及收入循環 ---114.04_table_24,1,1,merge_first_row_only_drop_intervening_text,merged
2.FCM內控CA---壹、業務及收入循環 ---114.04.md,2.FCM內控CA---壹、業務及收入循環 ---114.04_table_1,2.FCM內控CA---壹、業務及收入循環 ---114.04_table_25,1,1,merge_first_row_only_drop_intervening_text,merged
2.FCM內控CA---壹、業務及收入循環 ---114.04.md,2.FCM內控CA---壹、業務及收入循環 ---114.04_table_26,2.FCM內控CA---壹、業務及收入循環 ---114.04_table_27,1,1,merge_first_row_only_drop_intervening_text,merged
2.FCM內控CA---壹、業務及收入循環 ---114.04.md,2.FCM內控CA---壹、業務及收入循環 ---114.04_table_28,2.FCM內控CA---壹、業務及收入循環 ---114.04_table_29,1,1,merge_first_row_only_drop_intervening_text,merged
2.FCM內控CA---壹、業務及收入循環 ---114.04.md,2.FCM內控CA---壹、業務及收入循環 ---114.04_table_28,2.FCM內控CA---壹、業務及收入循環 ---114.04_table_30,1,1,merge_first_row_only_drop_intervening_text,merged
2.FCM內控CA---壹、業務及收入循環 ---114.04.md,2.FCM內控CA---壹、業務及收入循環 ---114.04_table_31,2.FCM內控CA---壹、業務及收入循環 ---114.04_table_32,1,1,merge_first_row_only_drop_intervening_text,merged
2.FCM內控CA---壹、業務及收入循環 ---114.04.md,2.FCM內控CA---壹、業務及收入循環 ---114.04_table_33,2.FCM內控CA---壹、業務及收入循環 ---114.04_table_34,1,1,merge_first_row_only_drop_intervening_text,merged
2.FCM內控CA---壹、業務及收入循環 ---114.04.md,2.FCM內控CA---壹、業務及收入循環 ---114.04_table_33,2.FCM內控CA---壹、業務及收入循環 ---114.04_table_35,1,1,merge_first_row_only_drop_intervening_text,merged
2.FCM內控CA---壹、業務及收入循環 ---114.04.md,2.FCM內控CA---壹、業務及收入循環 ---114.04_table_33,2.FCM內控CA---壹、業務及收入循環 ---114.04_table_36,1,1,merge_first_row_only_drop_intervening_text,merged
2.FCM內控CA---壹、業務及收入循環 ---114.04.md,2.FCM內控CA---壹、業務及收入循環 ---114.04_table_37,2.FCM內控CA---壹、業務及收入循環 ---114.04_table_38,1,1,merge_first_row_only_drop_intervening_text,merged
2.FCM內控CA---壹、業務及收入循環 ---114.04.md,2.FCM內控CA---壹、業務及收入循環 ---114.04_table_37,2.FCM內控CA---壹、業務及收入循環 ---114.04_table_39,1,1,merge_first_row_only_drop_intervening_text,merged
2.FCM內控CA---壹、業務及收入循環 ---114.04.md,2.FCM內控CA---壹、業務及收入循環 ---114.04_table_37,2.FCM內控CA---壹、業務及收入循環 ---114.04_table_40,1,1,merge_first_row_only_drop_intervening_text,merged
2.FCM內控CA---壹、業務及收入循環 ---114.04.md,2.FCM內控CA---壹、業務及收入循環 ---114.04_table_41,2.FCM內控CA---壹、業務及收入循環 ---114.04_table_42,1,1,merge_first_row_only_drop_intervening_text,merged
2.FCM內控CA---壹、業務及收入循環 ---114.04.md,2.FCM內控CA---壹、業務及收入循環 ---114.04_table_41,2.FCM內控CA---壹、業務及收入循環 ---114.04_table_43,1,1,merge_first_row_only_drop_intervening_text,merged
2.FCM內控CA---壹、業務及收入循環 ---114.04.md,2.FCM內控CA---壹、業務及收入循環 ---114.04_table_41,2.FCM內控CA---壹、業務及收入循環 ---114.04_table_44,1,1,merge_first_row_only_drop_intervening_text,merged
2.FCM內控CA---壹、業務及收入循環 ---114.04.md,2.FCM內控CA---壹、業務及收入循環 ---114.04_table_41,2.FCM內控CA---壹、業務及收入循環 ---114.04_table_45,1,1,merge_first_row_only_drop_intervening_text,merged
2.FCM內控CA---壹、業務及收入循環 ---114.04.md,2.FCM內控CA---壹、業務及收入循環 ---114.04_table_41,2.FCM內控CA---壹、業務及收入循環 ---114.04_table_46,1,1,merge_first_row_only_drop_intervening_text,merged
2.FCM內控CA---壹、業務及收入循環 ---114.04.md,2.FCM內控CA---壹、業務及收入循環 ---114.04_table_41,2.FCM內控CA---壹、業務及收入循環 ---114.04_table_47,1,1,merge_first_row_only_drop_intervening_text,merged
2.FCM內控CA---壹、業務及收入循環 ---114.04.md,2.FCM內控CA---壹、業務及收入循環 ---114.04_table_41,2.FCM內控CA---壹、業務及收入循環 ---114.04_table_48,1,1,merge_first_row_only_drop_intervening_text,merged
2.FCM內控CA---壹、業務及收入循環 ---114.04.md,2.FCM內控CA---壹、業務及收入循環 ---114.04_table_41,2.FCM內控CA---壹、業務及收入循環 ---114.04_table_49,1,1,merge_first_row_only_drop_intervening_text,merged
2.FCM內控CA---壹、業務及收入循環 ---114.04.md,2.FCM內控CA---壹、業務及收入循環 ---114.04_table_41,2.FCM內控CA---壹、業務及收入循環 ---114.04_table_50,1,1,merge_first_row_only_drop_intervening_text,merged
2.FCM內控CA---壹、業務及收入循環 ---114.04.md,2.FCM內控CA---壹、業務及收入循環 ---114.04_table_41,2.FCM內控CA---壹、業務及收入循環 ---114.04_table_51,1,1,merge_first_row_only_drop_intervening_text,merged
2.FCM內控CA---壹、業務及收入循環 ---114.04.md,2.FCM內控CA---壹、業務及收入循環 ---114.04_table_41,2.FCM內控CA---壹、業務及收入循環 ---114.04_table_52,1,1,merge_first_row_only_drop_intervening_text,merged
2.FCM內控CA---壹、業務及收入循環 ---114.04.md,2.FCM內控CA---壹、業務及收入循環 ---114.04_table_41,2.FCM內控CA---壹、業務及收入循環 ---114.04_table_53,1,1,merge_first_row_only_drop_intervening_text,merged
2.FCM內控CA---壹、業務及收入循環 ---114.04.md,2.FCM內控CA---壹、業務及收入循環 ---114.04_table_41,2.FCM內控CA---壹、業務及收入循環 ---114.04_table_54,1,1,merge_first_row_only_drop_intervening_text,merged
2.FCM內控CA---壹、業務及收入循環 ---114.04.md,2.FCM內控CA---壹、業務及收入循環 ---114.04_table_41,2.FCM內控CA---壹、業務及收入循環 ---114.04_table_55,1,1,merge_first_row_only_drop_intervening_text,merged
2.FCM內控CA---壹、業務及收入循環 ---114.04.md,2.FCM內控CA---壹、業務及收入循環 ---114.04_table_41,2.FCM內控CA---壹、業務及收入循環 ---114.04_table_56,1,1,merge_first_row_only_drop_intervening_text,merged
2.FCM內控CA---壹、業務及收入循環 ---114.04.md,2.FCM內控CA---壹、業務及收入循環 ---114.04_table_41,2.FCM內控CA---壹、業務及收入循環 ---114.04_table_57,1,1,merge_first_row_only_drop_intervening_text,merged
2.FCM內控CA---壹、業務及收入循環 ---114.04.md,2.FCM內控CA---壹、業務及收入循環 ---114.04_table_61,2.FCM內控CA---壹、業務及收入循環 ---114.04_table_62,1,1,merge_first_row_only_drop_intervening_text,merged
2.FCM內控CA---壹、業務及收入循環 ---114.04.md,2.FCM內控CA---壹、業務及收入循環 ---114.04_table_61,2.FCM內控CA---壹、業務及收入循環 ---114.04_table_63,1,1,merge_first_row_only_drop_intervening_text,merged
2.FCM內控CA---壹、業務及收入循環 ---114.04.md,2.FCM內控CA---壹、業務及收入循環 ---114.04_table_61,2.FCM內控CA---壹、業務及收入循環 ---114.04_table_64,1,1,merge_first_row_only_drop_intervening_text,merged
2.FCM內控CA---壹、業務及收入循環 ---114.04.md,2.FCM內控CA---壹、業務及收入循環 ---114.04_table_61,2.FCM內控CA---壹、業務及收入循環 ---114.04_table_65,1,1,merge_first_row_only_drop_intervening_text,merged
2.FCM內控CA---壹、業務及收入循環 ---114.04.md,2.FCM內控CA---壹、業務及收入循環 ---114.04_table_61,2.FCM內控CA---壹、業務及收入循環 ---114.04_table_66,1,1,merge_first_row_only_drop_intervening_text,merged
2.FCM內控CA---壹、業務及收入循環 ---114.04.md,2.FCM內控CA---壹、業務及收入循環 ---114.04_table_61,2.FCM內控CA---壹、業務及收入循環 ---114.04_table_67,1,1,merge_first_row_only_drop_intervening_text,merged
2.FCM內控CA---壹、業務及收入循環 ---114.04.md,2.FCM內控CA---壹、業務及收入循環 ---114.04_table_61,2.FCM內控CA---壹、業務及收入循環 ---114.04_table_68,1,1,merge_first_row_only_drop_intervening_text,merged
2.FCM內控CA---壹、業務及收入循環 ---114.04.md,2.FCM內控CA---壹、業務及收入循環 ---114.04_table_61,2.FCM內控CA---壹、業務及收入循環 ---114.04_table_69,1,1,merge_first_row_only_drop_intervening_text,merged
2.FCM內控CA---壹、業務及收入循環 ---114.04.md,2.FCM內控CA---壹、業務及收入循環 ---114.04_table_61,2.FCM內控CA---壹、業務及收入循環 ---114.04_table_70,1,1,merge_first_row_only_drop_intervening_text,merged
2.FCM內控CA---壹、業務及收入循環 ---114.04.md,2.FCM內控CA---壹、業務及收入循環 ---114.04_table_61,2.FCM內控CA---壹、業務及收入循環 ---114.04_table_71,1,1,merge_first_row_only_drop_intervening_text,merged
2.FCM內控CA---壹、業務及收入循環 ---114.04.md,2.FCM內控CA---壹、業務及收入循環 ---114.04_table_61,2.FCM內控CA---壹、業務及收入循環 ---114.04_table_72,1,1,merge_first_row_only_drop_intervening_text,merged
2.FCM內控CA---壹、業務及收入循環 ---114.04.md,2.FCM內控CA---壹、業務及收入循環 ---114.04_table_61,2.FCM內控CA---壹、業務及收入循環 ---114.04_table_73,1,1,merge_first_row_only_drop_intervening_text,merged
2.FCM內控CA---壹、業務及收入循環 ---114.04.md,2.FCM內控CA---壹、業務及收入循環 ---114.04_table_61,2.FCM內控CA---壹、業務及收入循環 ---114.04_table_74,1,1,merge_first_row_only_drop_intervening_text,merged
2.FCM內控CA---壹、業務及收入循環 ---114.04.md,2.FCM內控CA---壹、業務及收入循環 ---114.04_table_61,2.FCM內控CA---壹、業務及收入循環 ---114.04_table_75,1,1,merge_first_row_only_drop_intervening_text,merged
2.FCM內控CA---壹、業務及收入循環 ---114.04.md,2.FCM內控CA---壹、業務及收入循環 ---114.04_table_61,2.FCM內控CA---壹、業務及收入循環 ---114.04_table_76,1,1,merge_first_row_only_drop_intervening_text,merged
2.FCM內控CA---壹、業務及收入循環 ---114.04.md,2.FCM內控CA---壹、業務及收入循環 ---114.04_table_61,2.FCM內控CA---壹、業務及收入循環 ---114.04_table_77,1,1,merge_first_row_only_drop_intervening_text,merged
2.FCM內控CA---壹、業務及收入循環 ---114.04.md,2.FCM內控CA---壹、業務及收入循環 ---114.04_table_61,2.FCM內控CA---壹、業務及收入循環 ---114.04_table_78,1,1,merge_first_row_only_drop_intervening_text,merged
2.FCM內控CA---壹、業務及收入循環 ---114.04.md,2.FCM內控CA---壹、業務及收入循環 ---114.04_table_61,2.FCM內控CA---壹、業務及收入循環 ---114.04_table_79,1,1,merge_first_row_only_drop_intervening_text,merged
2.FCM內控CA---壹、業務及收入循環 ---114.04.md,2.FCM內控CA---壹、業務及收入循環 ---114.04_table_61,2.FCM內控CA---壹、業務及收入循環 ---114.04_table_80,1,1,merge_first_row_only_drop_intervening_text,merged
2.FCM內控CA---壹、業務及收入循環 ---114.04.md,2.FCM內控CA---壹、業務及收入循環 ---114.04_table_61,2.FCM內控CA---壹、業務及收入循環 ---114.04_table_81,1,1,merge_first_row_only_drop_intervening_text,merged
2.FCM內控CA---壹、業務及收入循環 ---114.04.md,2.FCM內控CA---壹、業務及收入循環 ---114.04_table_83,2.FCM內控CA---壹、業務及收入循環 ---114.04_table_84,1,1,merge_first_row_only_drop_intervening_text,merged
2.FCM內控CA---壹、業務及收入循環 ---114.04.md,2.FCM內控CA---壹、業務及收入循環 ---114.04_table_85,2.FCM內控CA---壹、業務及收入循環 ---114.04_table_86,1,1,merge_first_row_only_drop_intervening_text,merged
2.FCM內控CA---壹、業務及收入循環 ---114.04.md,2.FCM內控CA---壹、業務及收入循環 ---114.04_table_85,2.FCM內控CA---壹、業務及收入循環 ---114.04_table_87,1,1,merge_first_row_only_drop_intervening_text,merged
2.FCM內控CA---壹、業務及收入循環 ---114.04.md,2.FCM內控CA---壹、業務及收入循環 ---114.04_table_88,2.FCM內控CA---壹、業務及收入循環 ---114.04_table_89,1,1,merge_first_row_only_drop_intervening_text,merged
2.FCM內控CA---壹、業務及收入循環 ---114.04.md,2.FCM內控CA---壹、業務及收入循環 ---114.04_table_88,2.FCM內控CA---壹、業務及收入循環 ---114.04_table_90,1,1,merge_first_row_only_drop_intervening_text,merged
2.FCM內控CA---壹、業務及收入循環 ---114.04.md,2.FCM內控CA---壹、業務及收入循環 ---114.04_table_88,2.FCM內控CA---壹、業務及收入循環 ---114.04_table_91,1,1,merge_first_row_only_drop_intervening_text,merged
2.FCM內控CA---壹、業務及收入循環 ---114.04.md,2.FCM內控CA---壹、業務及收入循環 ---114.04_table_88,2.FCM內控CA---壹、業務及收入循環 ---114.04_table_92,1,1,merge_first_row_only_drop_intervening_text,merged
2.FCM內控CA---壹、業務及收入循環 ---114.04.md,2.FCM內控CA---壹、業務及收入循環 ---114.04_table_88,2.FCM內控CA---壹、業務及收入循環 ---114.04_table_93,1,1,merge_first_row_only_drop_intervening_text,merged
2.FCM內控CA---壹、業務及收入循環 ---114.04.md,2.FCM內控CA---壹、業務及收入循環 ---114.04_table_88,2.FCM內控CA---壹、業務及收入循環 ---114.04_table_94,1,1,merge_first_row_only_drop_intervening_text,merged
2.FCM內控CA---壹、業務及收入循環 ---114.04.md,2.FCM內控CA---壹、業務及收入循環 ---114.04_table_88,2.FCM內控CA---壹、業務及收入循環 ---114.04_table_95,1,1,merge_first_row_only_drop_intervening_text,merged
2.FCM內控CA---壹、業務及收入循環 ---114.04.md,2.FCM內控CA---壹、業務及收入循環 ---114.04_table_88,2.FCM內控CA---壹、業務及收入循環 ---114.04_table_96,1,1,merge_first_row_only_drop_intervening_text,merged
2.FCM內控CA---壹、業務及收入循環 ---114.04.md,2.FCM內控CA---壹、業務及收入循環 ---114.04_table_88,2.FCM內控CA---壹、業務及收入循環 ---114.04_table_97,1,1,merge_first_row_only_drop_intervening_text,merged
2.FCM內控CA---壹、業務及收入循環 ---114.04.md,2.FCM內控CA---壹、業務及收入循環 ---114.04_table_98,2.FCM內控CA---壹、業務及收入循環 ---114.04_table_99,1,1,merge_first_row_only_drop_intervening_text,merged
2.FCM內控CA---壹、業務及收入循環 ---114.04.md,2.FCM內控CA---壹、業務及收入循環 ---114.04_table_98,2.FCM內控CA---壹、業務及收入循環 ---114.04_table_100,1,1,merge_first_row_only_drop_intervening_text,merged
2.FCM內控CA---壹、業務及收入循環 ---114.04.md,2.FCM內控CA---壹、業務及收入循環 ---114.04_table_101,2.FCM內控CA---壹、業務及收入循環 ---114.04_table_102,1,1,merge_first_row_only_drop_intervening_text,merged
2.FCM內控CA---壹、業務及收入循環 ---114.04.md,2.FCM內控CA---壹、業務及收入循環 ---114.04_table_101,2.FCM內控CA---壹、業務及收入循環 ---114.04_table_103,1,1,merge_first_row_only_drop_intervening_text,merged
2.FCM內控CA---壹、業務及收入循環 ---114.04.md,2.FCM內控CA---壹、業務及收入循環 ---114.04_table_101,2.FCM內控CA---壹、業務及收入循環 ---114.04_table_104,1,1,merge_first_row_only_drop_intervening_text,merged
2.FCM內控CA---壹、業務及收入循環 ---114.04.md,2.FCM內控CA---壹、業務及收入循環 ---114.04_table_101,2.FCM內控CA---壹、業務及收入循環 ---114.04_table_105,1,1,merge_first_row_only_drop_intervening_text,merged
2.FCM內控CA---壹、業務及收入循環 ---114.04.md,2.FCM內控CA---壹、業務及收入循環 ---114.04_table_107,2.FCM內控CA---壹、業務及收入循環 ---114.04_table_108,1,1,merge_first_row_only_drop_intervening_text,merged
2.FCM內控CA---壹、業務及收入循環 ---114.04.md,2.FCM內控CA---壹、業務及收入循環 ---114.04_table_107,2.FCM內控CA---壹、業務及收入循環 ---114.04_table_109,1,1,merge_first_row_only_drop_intervening_text,merged
2.FCM內控CA---壹、業務及收入循環 ---114.04.md,2.FCM內控CA---壹、業務及收入循環 ---114.04_table_107,2.FCM內控CA---壹、業務及收入循環 ---114.04_table_110,1,1,merge_first_row_only_drop_intervening_text,merged
2.FCM內控CA---壹、業務及收入循環 ---114.04.md,2.FCM內控CA---壹、業務及收入循環 ---114.04_table_107,2.FCM內控CA---壹、業務及收入循環 ---114.04_table_111,1,1,merge_first_row_only_drop_intervening_text,merged
2.FCM內控CA---壹、業務及收入循環 ---114.04.md,2.FCM內控CA---壹、業務及收入循環 ---114.04_table_113,2.FCM內控CA---壹、業務及收入循環 ---114.04_table_114,1,1,merge_first_row_only_drop_intervening_text,merged
2.FCM內控CA---壹、業務及收入循環 ---114.04.md,2.FCM內控CA---壹、業務及收入循環 ---114.04_table_113,2.FCM內控CA---壹、業務及收入循環 ---114.04_table_115,1,1,merge_first_row_only_drop_intervening_text,merged
2.FCM內控CA---壹、業務及收入循環 ---114.04.md,2.FCM內控CA---壹、業務及收入循環 ---114.04_table_116,2.FCM內控CA---壹、業務及收入循環 ---114.04_table_117,1,1,merge_first_row_only_drop_intervening_text,merged
2.FCM內控CA---壹、業務及收入循環 ---114.04.md,2.FCM內控CA---壹、業務及收入循環 ---114.04_table_116,2.FCM內控CA---壹、業務及收入循環 ---114.04_table_118,1,1,merge_first_row_only_drop_intervening_text,merged
2.FCM內控CA---壹、業務及收入循環 ---114.04.md,2.FCM內控CA---壹、業務及收入循環 ---114.04_table_116,2.FCM內控CA---壹、業務及收入循環 ---114.04_table_119,1,1,merge_first_row_only_drop_intervening_text,merged
2.FCM內控CA---壹、業務及收入循環 ---114.04.md,2.FCM內控CA---壹、業務及收入循環 ---114.04_table_120,2.FCM內控CA---壹、業務及收入循環 ---114.04_table_121,1,1,merge_first_row_only_drop_intervening_text,merged
2.FCM內控CA---壹、業務及收入循環 ---114.04.md,2.FCM內控CA---壹、業務及收入循環 ---114.04_table_122,2.FCM內控CA---壹、業務及收入循環 ---114.04_table_123,1,1,merge_first_row_only_drop_intervening_text,merged
2.FCM內控CA---壹、業務及收入循環 ---114.04.md,2.FCM內控CA---壹、業務及收入循環 ---114.04_table_122,2.FCM內控CA---壹、業務及收入循環 ---114.04_table_124,1,1,merge_first_row_only_drop_intervening_text,merged
2.FCM內控CA---壹、業務及收入循環 ---114.04.md,2.FCM內控CA---壹、業務及收入循環 ---114.04_table_122,2.FCM內控CA---壹、業務及收入循環 ---114.04_table_125,1,1,merge_first_row_only_drop_intervening_text,merged
2.FCM內控CA---壹、業務及收入循環 ---114.04.md,2.FCM內控CA---壹、業務及收入循環 ---114.04_table_122,2.FCM內控CA---壹、業務及收入循環 ---114.04_table_126,1,1,merge_first_row_only_drop_intervening_text,merged
2.FCM內控CA---壹、業務及收入循環 ---114.04.md,2.FCM內控CA---壹、業務及收入循環 ---114.04_table_122,2.FCM內控CA---壹、業務及收入循環 ---114.04_table_127,1,1,merge_first_row_only_drop_intervening_text,merged
2.FCM內控CA---壹、業務及收入循環 ---114.04.md,2.FCM內控CA---壹、業務及收入循環 ---114.04_table_122,2.FCM內控CA---壹、業務及收入循環 ---114.04_table_128,1,1,merge_first_row_only_drop_intervening_text,merged
2.FCM內控CA---壹、業務及收入循環 ---114.04.md,2.FCM內控CA---壹、業務及收入循環 ---114.04_table_122,2.FCM內控CA---壹、業務及收入循環 ---114.04_table_129,1,1,merge_first_row_only_drop_intervening_text,merged
2.FCM內控CA---壹、業務及收入循環 ---114.04.md,2.FCM內控CA---壹、業務及收入循環 ---114.04_table_122,2.FCM內控CA---壹、業務及收入循環 ---114.04_table_130,1,1,merge_first_row_only_drop_intervening_text,merged
2.FCM內控CA---壹、業務及收入循環 ---114.04.md,2.FCM內控CA---壹、業務及收入循環 ---114.04_table_122,2.FCM內控CA---壹、業務及收入循環 ---114.04_table_131,1,1,merge_first_row_only_drop_intervening_text,merged
2.FCM內控CA---壹、業務及收入循環 ---114.04.md,2.FCM內控CA---壹、業務及收入循環 ---114.04_table_122,2.FCM內控CA---壹、業務及收入循環 ---114.04_table_132,1,1,merge_first_row_only_drop_intervening_text,merged
2.FCM內控CA---壹、業務及收入循環 ---114.04.md,2.FCM內控CA---壹、業務及收入循環 ---114.04_table_122,2.FCM內控CA---壹、業務及收入循環 ---114.04_table_133,1,1,merge_first_row_only_drop_intervening_text,merged
2.FCM內控CA---壹、業務及收入循環 ---114.04.md,2.FCM內控CA---壹、業務及收入循環 ---114.04_table_122,2.FCM內控CA---壹、業務及收入循環 ---114.04_table_134,1,1,merge_first_row_only_drop_intervening_text,merged
2.FCM內控CA---壹、業務及收入循環 ---114.04.md,2.FCM內控CA---壹、業務及收入循環 ---114.04_table_122,2.FCM內控CA---壹、業務及收入循環 ---114.04_table_135,1,1,merge_first_row_only_drop_intervening_text,merged
2.FCM內控CA---壹、業務及收入循環 ---114.04.md,2.FCM內控CA---壹、業務及收入循環 ---114.04_table_122,2.FCM內控CA---壹、業務及收入循環 ---114.04_table_136,1,1,merge_first_row_only_drop_intervening_text,merged
2.FCM內控CA---壹、業務及收入循環 ---114.04.md,2.FCM內控CA---壹、業務及收入循環 ---114.04_table_122,2.FCM內控CA---壹、業務及收入循環 ---114.04_table_137,1,1,merge_first_row_only_drop_intervening_text,merged
2.FCM內控CA---壹、業務及收入循環 ---114.04.md,2.FCM內控CA---壹、業務及收入循環 ---114.04_table_122,2.FCM內控CA---壹、業務及收入循環 ---114.04_table_138,1,1,merge_first_row_only_drop_intervening_text,merged
2.FCM內控CA---壹、業務及收入循環 ---114.04.md,2.FCM內控CA---壹、業務及收入循環 ---114.04_table_122,2.FCM內控CA---壹、業務及收入循環 ---114.04_table_139,1,1,merge_first_row_only_drop_intervening_text,merged
2.FCM內控CA---壹、業務及收入循環 ---114.04.md,2.FCM內控CA---壹、業務及收入循環 ---114.04_table_122,2.FCM內控CA---壹、業務及收入循環 ---114.04_table_140,1,1,merge_first_row_only_drop_intervening_text,merged
2.FCM內控CA---壹、業務及收入循環 ---114.04.md,2.FCM內控CA---壹、業務及收入循環 ---114.04_table_141,2.FCM內控CA---壹、業務及收入循環 ---114.04_table_142,1,1,merge_first_row_only_drop_intervening_text,merged
2.FCM內控CA---壹、業務及收入循環 ---114.04.md,2.FCM內控CA---壹、業務及收入循環 ---114.04_table_141,2.FCM內控CA---壹、業務及收入循環 ---114.04_table_143,1,1,merge_first_row_only_drop_intervening_text,merged
2.FCM內控CA---壹、業務及收入循環 ---114.04.md,2.FCM內控CA---壹、業務及收入循環 ---114.04_table_141,2.FCM內控CA---壹、業務及收入循環 ---114.04_table_144,1,1,merge_first_row_only_drop_intervening_text,merged
2.FCM內控CA---壹、業務及收入循環 ---114.04.md,2.FCM內控CA---壹、業務及收入循環 ---114.04_table_146,2.FCM內控CA---壹、業務及收入循環 ---114.04_table_147,1,1,merge_first_row_only_drop_intervening_text,merged
2.FCM內控CA---壹、業務及收入循環 ---114.04.md,2.FCM內控CA---壹、業務及收入循環 ---114.04_table_146,2.FCM內控CA---壹、業務及收入循環 ---114.04_table_148,1,1,merge_first_row_only_drop_intervening_text,merged
2.FCM內控CA---壹、業務及收入循環 ---114.04.md,2.FCM內控CA---壹、業務及收入循環 ---114.04_table_146,2.FCM內控CA---壹、業務及收入循環 ---114.04_table_149,1,1,merge_first_row_only_drop_intervening_text,merged
2.FCM內控CA---壹、業務及收入循環 ---114.04.md,2.FCM內控CA---壹、業務及收入循環 ---114.04_table_146,2.FCM內控CA---壹、業務及收入循環 ---114.04_table_150,1,1,merge_first_row_only_drop_intervening_text,merged
2.FCM內控CA---壹、業務及收入循環 ---114.04.md,2.FCM內控CA---壹、業務及收入循環 ---114.04_table_146,2.FCM內控CA---壹、業務及收入循環 ---114.04_table_151,1,1,merge_first_row_only_drop_intervening_text,merged
2.FCM內控CA---壹、業務及收入循環 ---114.04.md,2.FCM內控CA---壹、業務及收入循環 ---114.04_table_146,2.FCM內控CA---壹、業務及收入循環 ---114.04_table_152,1,1,merge_first_row_only_drop_intervening_text,merged
2.FCM內控CA---壹、業務及收入循環 ---114.04.md,2.FCM內控CA---壹、業務及收入循環 ---114.04_table_146,2.FCM內控CA---壹、業務及收入循環 ---114.04_table_153,1,1,merge_first_row_only_drop_intervening_text,merged
2.FCM內控CA---壹、業務及收入循環 ---114.04.md,2.FCM內控CA---壹、業務及收入循環 ---114.04_table_146,2.FCM內控CA---壹、業務及收入循環 ---114.04_table_154,1,1,merge_first_row_only_drop_intervening_text,merged
2.FCM內控CA---壹、業務及收入循環 ---114.04.md,2.FCM內控CA---壹、業務及收入循環 ---114.04_table_146,2.FCM內控CA---壹、業務及收入循環 ---114.04_table_155,1,1,merge_first_row_only_drop_intervening_text,merged
2.FCM內控CA---壹、業務及收入循環 ---114.04.md,2.FCM內控CA---壹、業務及收入循環 ---114.04_table_146,2.FCM內控CA---壹、業務及收入循環 ---114.04_table_156,1,1,merge_first_row_only_drop_intervening_text,merged
2.FCM內控CA---壹、業務及收入循環 ---114.04.md,2.FCM內控CA---壹、業務及收入循環 ---114.04_table_146,2.FCM內控CA---壹、業務及收入循環 ---114.04_table_157,1,1,merge_first_row_only_drop_intervening_text,merged
2.FCM內控CA---壹、業務及收入循環 ---114.04.md,2.FCM內控CA---壹、業務及收入循環 ---114.04_table_146,2.FCM內控CA---壹、業務及收入循環 ---114.04_table_158,1,1,merge_first_row_only_drop_intervening_text,merged
2.FCM內控CA---壹、業務及收入循環 ---114.04.md,2.FCM內控CA---壹、業務及收入循環 ---114.04_table_159,2.FCM內控CA---壹、業務及收入循環 ---114.04_table_160,1,1,merge_first_row_only_drop_intervening_text,merged
2.FCM內控CA---壹、業務及收入循環 ---114.04.md,2.FCM內控CA---壹、業務及收入循環 ---114.04_table_164,2.FCM內控CA---壹、業務及收入循環 ---114.04_table_165,1,1,merge_first_row_only_drop_intervening_text,merged
2.FCM內控CA---壹、業務及收入循環 ---114.04.md,2.FCM內控CA---壹、業務及收入循環 ---114.04_table_166,2.FCM內控CA---壹、業務及收入循環 ---114.04_table_167,1,1,merge_first_row_only_drop_intervening_text,merged
2.FCM內控CA---壹、業務及收入循環 ---114.04.md,2.FCM內控CA---壹、業務及收入循環 ---114.04_table_166,2.FCM內控CA---壹、業務及收入循環 ---114.04_table_168,1,1,merge_first_row_only_drop_intervening_text,merged
2.FCM內控CA---壹、業務及收入循環 ---114.04.md,2.FCM內控CA---壹、業務及收入循環 ---114.04_table_169,2.FCM內控CA---壹、業務及收入循環 ---114.04_table_170,1,1,merge_first_row_only_drop_intervening_text,merged
2.FCM內控CA---壹、業務及收入循環 ---114.04.md,2.FCM內控CA---壹、業務及收入循環 ---114.04_table_169,2.FCM內控CA---壹、業務及收入循環 ---114.04_table_171,1,1,merge_first_row_only_drop_intervening_text,merged
2.FCM內控CA---壹、業務及收入循環 ---114.04.md,2.FCM內控CA---壹、業務及收入循環 ---114.04_table_169,2.FCM內控CA---壹、業務及收入循環 ---114.04_table_172,1,1,merge_first_row_only_drop_intervening_text,merged
2.FCM內控CA---壹、業務及收入循環 ---114.04.md,2.FCM內控CA---壹、業務及收入循環 ---114.04_table_175,2.FCM內控CA---壹、業務及收入循環 ---114.04_table_176,1,1,merge_first_row_only_drop_intervening_text,merged
2.FCM內控CA---壹、業務及收入循環 ---114.04.md,2.FCM內控CA---壹、業務及收入循環 ---114.04_table_177,2.FCM內控CA---壹、業務及收入循環 ---114.04_table_178,1,1,merge_first_row_only_drop_intervening_text,merged
2.FCM內控CA---壹、業務及收入循環 ---114.04.md,2.FCM內控CA---壹、業務及收入循環 ---114.04_table_179,2.FCM內控CA---壹、業務及收入循環 ---114.04_table_180,1,1,merge_first_row_only_drop_intervening_text,merged
2.FCM內控CA---壹、業務及收入循環 ---114.04.md,2.FCM內控CA---壹、業務及收入循環 ---114.04_table_179,2.FCM內控CA---壹、業務及收入循環 ---114.04_table_181,1,1,merge_first_row_only_drop_intervening_text,merged
2.FCM內控CA---壹、業務及收入循環 ---114.04.md,2.FCM內控CA---壹、業務及收入循環 ---114.04_table_182,2.FCM內控CA---壹、業務及收入循環 ---114.04_table_183,1,1,merge_first_row_only_drop_intervening_text,merged
2.FCM內控CA---壹、業務及收入循環 ---114.04.md,2.FCM內控CA---壹、業務及收入循環 ---114.04_table_182,2.FCM內控CA---壹、業務及收入循環 ---114.04_table_184,1,1,merge_first_row_only_drop_intervening_text,merged
2.FCM內控CA---壹、業務及收入循環 ---114.04.md,2.FCM內控CA---壹、業務及收入循環 ---114.04_table_182,2.FCM內控CA---壹、業務及收入循環 ---114.04_table_185,1,1,merge_first_row_only_drop_intervening_text,merged
2.FCM內控CA---壹、業務及收入循環 ---114.04.md,2.FCM內控CA---壹、業務及收入循環 ---114.04_table_186,2.FCM內控CA---壹、業務及收入循環 ---114.04_table_187,1,1,merge_first_row_only_drop_intervening_text,merged
2.FCM內控CA---壹、業務及收入循環 ---114.04.md,2.FCM內控CA---壹、業務及收入循環 ---114.04_table_186,2.FCM內控CA---壹、業務及收入循環 ---114.04_table_188,1,1,merge_first_row_only_drop_intervening_text,merged
2.FCM內控CA---壹、業務及收入循環 ---114.04.md,2.FCM內控CA---壹、業務及收入循環 ---114.04_table_186,2.FCM內控CA---壹、業務及收入循環 ---114.04_table_189,1,1,merge_first_row_only_drop_intervening_text,merged
2.FCM內控CA---壹、業務及收入循環 ---114.04.md,2.FCM內控CA---壹、業務及收入循環 ---114.04_table_192,2.FCM內控CA---壹、業務及收入循環 ---114.04_table_193,1,1,merge_first_row_only_drop_intervening_text,merged
2.FCM內控CA---壹、業務及收入循環 ---114.04.md,2.FCM內控CA---壹、業務及收入循環 ---114.04_table_192,2.FCM內控CA---壹、業務及收入循環 ---114.04_table_194,1,1,merge_first_row_only_drop_intervening_text,merged
2.FCM內控CA---壹、業務及收入循環 ---114.04.md,2.FCM內控CA---壹、業務及收入循環 ---114.04_table_192,2.FCM內控CA---壹、業務及收入循環 ---114.04_table_195,1,1,merge_first_row_only_drop_intervening_text,merged
2.FCM內控CA---壹、業務及收入循環 ---114.04.md,2.FCM內控CA---壹、業務及收入循環 ---114.04_table_192,2.FCM內控CA---壹、業務及收入循環 ---114.04_table_196,1,1,merge_first_row_only_drop_intervening_text,merged
2.FCM內控CA---壹、業務及收入循環 ---114.04.md,2.FCM內控CA---壹、業務及收入循環 ---114.04_table_192,2.FCM內控CA---壹、業務及收入循環 ---114.04_table_197,1,1,merge_first_row_only_drop_intervening_text,merged
2.FCM內控CA---壹、業務及收入循環 ---114.04.md,2.FCM內控CA---壹、業務及收入循環 ---114.04_table_192,2.FCM內控CA---壹、業務及收入循環 ---114.04_table_198,1,1,merge_first_row_only_drop_intervening_text,merged
2.FCM內控CA---壹、業務及收入循環 ---114.04.md,2.FCM內控CA---壹、業務及收入循環 ---114.04_table_192,2.FCM內控CA---壹、業務及收入循環 ---114.04_table_199,1,1,merge_first_row_only_drop_intervening_text,merged
2.FCM內控CA---壹、業務及收入循環 ---114.04.md,2.FCM內控CA---壹、業務及收入循環 ---114.04_table_192,2.FCM內控CA---壹、業務及收入循環 ---114.04_table_200,1,1,merge_first_row_only_drop_intervening_text,merged
2.FCM內控CA---壹、業務及收入循環 ---114.04.md,2.FCM內控CA---壹、業務及收入循環 ---114.04_table_201,2.FCM內控CA---壹、業務及收入循環 ---114.04_table_202,1,1,merge_first_row_only_drop_intervening_text,merged
2.FCM內控CA---壹、業務及收入循環 ---114.04.md,2.FCM內控CA---壹、業務及收入循環 ---114.04_table_201,2.FCM內控CA---壹、業務及收入循環 ---114.04_table_203,1,1,merge_first_row_only_drop_intervening_text,merged
2.FCM內控CA---壹、業務及收入循環 ---114.04.md,2.FCM內控CA---壹、業務及收入循環 ---114.04_table_201,2.FCM內控CA---壹、業務及收入循環 ---114.04_table_204,1,1,merge_first_row_only_drop_intervening_text,merged
2.FCM內控CA---壹、業務及收入循環 ---114.04.md,2.FCM內控CA---壹、業務及收入循環 ---114.04_table_201,2.FCM內控CA---壹、業務及收入循環 ---114.04_table_205,1,1,merge_first_row_only_drop_intervening_text,merged
2.FCM內控CA---壹、業務及收入循環 ---114.04.md,2.FCM內控CA---壹、業務及收入循環 ---114.04_table_208,2.FCM內控CA---壹、業務及收入循環 ---114.04_table_209,1,1,merge_first_row_only_drop_intervening_text,merged
2.FCM內控CA---壹、業務及收入循環 ---114.04.md,2.FCM內控CA---壹、業務及收入循環 ---114.04_table_210,2.FCM內控CA---壹、業務及收入循環 ---114.04_table_211,1,1,merge_first_row_only_drop_intervening_text,merged
2.FCM內控CA---壹、業務及收入循環 ---114.04.md,2.FCM內控CA---壹、業務及收入循環 ---114.04_table_210,2.FCM內控CA---壹、業務及收入循環 ---114.04_table_212,1,1,merge_first_row_only_drop_intervening_text,merged
2.FCM內控CA---壹、業務及收入循環 ---114.04.md,2.FCM內控CA---壹、業務及收入循環 ---114.04_table_210,2.FCM內控CA---壹、業務及收入循環 ---114.04_table_213,1,1,merge_first_row_only_drop_intervening_text,merged
2.FCM內控CA---壹、業務及收入循環 ---114.04.md,2.FCM內控CA---壹、業務及收入循環 ---114.04_table_214,2.FCM內控CA---壹、業務及收入循環 ---114.04_table_215,1,1,merge_first_row_only_drop_intervening_text,merged
2.FCM內控CA---壹、業務及收入循環 ---114.04.md,2.FCM內控CA---壹、業務及收入循環 ---114.04_table_214,2.FCM內控CA---壹、業務及收入循環 ---114.04_table_216,1,1,merge_first_row_only_drop_intervening_text,merged
2.FCM內控CA---壹、業務及收入循環 ---114.04.md,2.FCM內控CA---壹、業務及收入循環 ---114.04_table_214,2.FCM內控CA---壹、業務及收入循環 ---114.04_table_217,1,1,merge_first_row_only_drop_intervening_text,merged
2.FCM內控CA---壹、業務及收入循環 ---114.04.md,2.FCM內控CA---壹、業務及收入循環 ---114.04_table_218,2.FCM內控CA---壹、業務及收入循環 ---114.04_table_219,1,1,merge_first_row_only_drop_intervening_text,merged
2.FCM內控CA---壹、業務及收入循環 ---114.04.md,2.FCM內控CA---壹、業務及收入循環 ---114.04_table_218,2.FCM內控CA---壹、業務及收入循環 ---114.04_table_220,1,1,merge_first_row_only_drop_intervening_text,merged
2.FCM內控CA---壹、業務及收入循環 ---114.04.md,2.FCM內控CA---壹、業務及收入循環 ---114.04_table_221,2.FCM內控CA---壹、業務及收入循環 ---114.04_table_222,1,1,merge_first_row_only_drop_intervening_text,merged
2.FCM內控CA---壹、業務及收入循環 ---114.04.md,2.FCM內控CA---壹、業務及收入循環 ---114.04_table_229,2.FCM內控CA---壹、業務及收入循環 ---114.04_table_230,1,1,merge_first_row_only_drop_intervening_text,merged
2.FCM內控CA---壹、業務及收入循環 ---114.04.md,2.FCM內控CA---壹、業務及收入循環 ---114.04_table_229,2.FCM內控CA---壹、業務及收入循環 ---114.04_table_231,1,1,merge_first_row_only_drop_intervening_text,merged
2.FCM內控CA---壹、業務及收入循環 ---114.04.md,2.FCM內控CA---壹、業務及收入循環 ---114.04_table_229,2.FCM內控CA---壹、業務及收入循環 ---114.04_table_232,1,1,merge_first_row_only_drop_intervening_text,merged
2.FCM內控CA---壹、業務及收入循環 ---114.04.md,2.FCM內控CA---壹、業務及收入循環 ---114.04_table_229,2.FCM內控CA---壹、業務及收入循環 ---114.04_table_233,1,1,merge_first_row_only_drop_intervening_text,merged
2.FCM內控CA---壹、業務及收入循環 ---114.04.md,2.FCM內控CA---壹、業務及收入循環 ---114.04_table_229,2.FCM內控CA---壹、業務及收入循環 ---114.04_table_234,1,1,merge_first_row_only_drop_intervening_text,merged
2.FCM內控CA---壹、業務及收入循環 ---114.04.md,2.FCM內控CA---壹、業務及收入循環 ---114.04_table_229,2.FCM內控CA---壹、業務及收入循環 ---114.04_table_235,1,1,merge_first_row_only_drop_intervening_text,merged
2.FCM內控CA---壹、業務及收入循環 ---114.04.md,2.FCM內控CA---壹、業務及收入循環 ---114.04_table_236,2.FCM內控CA---壹、業務及收入循環 ---114.04_table_237,1,1,merge_first_row_only_drop_intervening_text,merged
2.FCM內控CA---壹、業務及收入循環 ---114.04.md,2.FCM內控CA---壹、業務及收入循環 ---114.04_table_236,2.FCM內控CA---壹、業務及收入循環 ---114.04_table_238,1,1,merge_first_row_only_drop_intervening_text,merged
2.FCM內控CA---壹、業務及收入循環 ---114.04.md,2.FCM內控CA---壹、業務及收入循環 ---114.04_table_236,2.FCM內控CA---壹、業務及收入循環 ---114.04_table_239,1,1,merge_first_row_only_drop_intervening_text,merged
2.FCM內控CA---壹、業務及收入循環 ---114.04.md,2.FCM內控CA---壹、業務及收入循環 ---114.04_table_236,2.FCM內控CA---壹、業務及收入循環 ---114.04_table_240,1,1,merge_first_row_only_drop_intervening_text,merged
2.FCM內控CA---壹、業務及收入循環 ---114.04.md,2.FCM內控CA---壹、業務及收入循環 ---114.04_table_236,2.FCM內控CA---壹、業務及收入循環 ---114.04_table_241,1,1,merge_first_row_only_drop_intervening_text,merged
2.FCM內控CA---壹、業務及收入循環 ---114.04.md,2.FCM內控CA---壹、業務及收入循環 ---114.04_table_243,2.FCM內控CA---壹、業務及收入循環 ---114.04_table_244,1,1,merge_first_row_only_drop_intervening_text,merged
2.FCM內控CA---壹、業務及收入循環 ---114.04.md,2.FCM內控CA---壹、業務及收入循環 ---114.04_table_245,2.FCM內控CA---壹、業務及收入循環 ---114.04_table_246,1,1,merge_first_row_only_drop_intervening_text,merged
2.FCM內控CA---壹、業務及收入循環 ---114.04.md,2.FCM內控CA---壹、業務及收入循環 ---114.04_table_247,2.FCM內控CA---壹、業務及收入循環 ---114.04_table_248,1,1,merge_first_row_only_drop_intervening_text,merged
2.FCM內控CA---壹、業務及收入循環 ---114.04.md,2.FCM內控CA---壹、業務及收入循環 ---114.04_table_250,2.FCM內控CA---壹、業務及收入循環 ---114.04_table_251,1,1,merge_first_row_only_drop_intervening_text,merged
2.FCM內控CA---壹、業務及收入循環 ---114.04.md,2.FCM內控CA---壹、業務及收入循環 ---114.04_table_250,2.FCM內控CA---壹、業務及收入循環 ---114.04_table_252,1,1,merge_first_row_only_drop_intervening_text,merged
2.FCM內控CA---壹、業務及收入循環 ---114.04.md,2.FCM內控CA---壹、業務及收入循環 ---114.04_table_250,2.FCM內控CA---壹、業務及收入循環 ---114.04_table_253,1,1,merge_first_row_only_drop_intervening_text,merged
2.FCM內控CA---壹、業務及收入循環 ---114.04.md,2.FCM內控CA---壹、業務及收入循環 ---114.04_table_250,2.FCM內控CA---壹、業務及收入循環 ---114.04_table_254,1,1,merge_first_row_only_drop_intervening_text,merged
3.FCM內控CP ---貳、採購及付款循環 ---114.04.md,3.FCM內控CP ---貳、採購及付款循環 ---114.04_table_1,3.FCM內控CP ---貳、採購及付款循環 ---114.04_table_2,1,1,merge_first_row_only_drop_intervening_text,merged
3.FCM內控CP ---貳、採購及付款循環 ---114.04.md,3.FCM內控CP ---貳、採購及付款循環 ---114.04_table_1,3.FCM內控CP ---貳、採購及付款循環 ---114.04_table_3,1,1,merge_first_row_only_drop_intervening_text,merged
3.FCM內控CP ---貳、採購及付款循環 ---114.04.md,3.FCM內控CP ---貳、採購及付款循環 ---114.04_table_1,3.FCM內控CP ---貳、採購及付款循環 ---114.04_table_4,1,1,merge_first_row_only_drop_intervening_text,merged
4.FCM內控CW---參 、薪工循環---114.04.md,4.FCM內控CW---參 、薪工循環---114.04_table_1,4.FCM內控CW---參 、薪工循環---114.04_table_2,1,1,merge_first_row_only_drop_intervening_text,merged
4.FCM內控CW---參 、薪工循環---114.04.md,4.FCM內控CW---參 、薪工循環---114.04_table_1,4.FCM內控CW---參 、薪工循環---114.04_table_3,1,1,merge_first_row_only_drop_intervening_text,merged
4.FCM內控CW---參 、薪工循環---114.04.md,4.FCM內控CW---參 、薪工循環---114.04_table_1,4.FCM內控CW---參 、薪工循環---114.04_table_4,1,1,merge_first_row_only_drop_intervening_text,merged
5.FCM內控CR---肆、融資循環---114.04.md,5.FCM內控CR---肆、融資循環---114.04_table_1,5.FCM內控CR---肆、融資循環---114.04_table_2,1,1,merge_first_row_only_drop_intervening_text,merged
5.FCM內控CR---肆、融資循環---114.04.md,5.FCM內控CR---肆、融資循環---114.04_table_1,5.FCM內控CR---肆、融資循環---114.04_table_3,1,1,merge_first_row_only_drop_intervening_text,merged
5.FCM內控CR---肆、融資循環---114.04.md,5.FCM內控CR---肆、融資循環---114.04_table_1,5.FCM內控CR---肆、融資循環---114.04_table_4,1,1,merge_first_row_only_drop_intervening_text,merged
5.FCM內控CR---肆、融資循環---114.04.md,5.FCM內控CR---肆、融資循環---114.04_table_1,5.FCM內控CR---肆、融資循環---114.04_table_5,1,1,merge_first_row_only_drop_intervening_text,merged
5.FCM內控CR---肆、融資循環---114.04.md,5.FCM內控CR---肆、融資循環---114.04_table_6,5.FCM內控CR---肆、融資循環---114.04_table_7,1,1,merge_first_row_only_drop_intervening_text,merged
5.FCM內控CR---肆、融資循環---114.04.md,5.FCM內控CR---肆、融資循環---114.04_table_6,5.FCM內控CR---肆、融資循環---114.04_table_8,1,1,merge_first_row_only_drop_intervening_text,merged
5.FCM內控CR---肆、融資循環---114.04.md,5.FCM內控CR---肆、融資循環---114.04_table_6,5.FCM內控CR---肆、融資循環---114.04_table_9,1,1,merge_first_row_only_drop_intervening_text,merged
5.FCM內控CR---肆、融資循環---114.04.md,5.FCM內控CR---肆、融資循環---114.04_table_10,5.FCM內控CR---肆、融資循環---114.04_table_11,1,1,merge_first_row_only_drop_intervening_text,merged
5.FCM內控CR---肆、融資循環---114.04.md,5.FCM內控CR---肆、融資循環---114.04_table_10,5.FCM內控CR---肆、融資循環---114.04_table_12,1,1,merge_first_row_only_drop_intervening_text,merged
5.FCM內控CR---肆、融資循環---114.04.md,5.FCM內控CR---肆、融資循環---114.04_table_14,5.FCM內控CR---肆、融資循環---114.04_table_15,1,1,merge_first_row_only_drop_intervening_text,merged
6.FCM內控CF---伍、不動產及設備循環---114.04.md,6.FCM內控CF---伍、不動產及設備循環---114.04_table_1,6.FCM內控CF---伍、不動產及設備循環---114.04_table_2,1,1,merge_first_row_only_drop_intervening_text,merged
7.FCM內控CI---陸、投資循環---114.04.md,7.FCM內控CI---陸、投資循環---114.04_table_2,7.FCM內控CI---陸、投資循環---114.04_table_3,1,1,merge_first_row_only_drop_intervening_text,merged
7.FCM內控CI---陸、投資循環---114.04.md,7.FCM內控CI---陸、投資循環---114.04_table_2,7.FCM內控CI---陸、投資循環---114.04_table_4,1,1,merge_first_row_only_drop_intervening_text,merged
7.FCM內控CI---陸、投資循環---114.04.md,7.FCM內控CI---陸、投資循環---114.04_table_2,7.FCM內控CI---陸、投資循環---114.04_table_5,1,1,merge_first_row_only_drop_intervening_text,merged
7.FCM內控CI---陸、投資循環---114.04.md,7.FCM內控CI---陸、投資循環---114.04_table_2,7.FCM內控CI---陸、投資循環---114.04_table_6,1,1,merge_first_row_only_drop_intervening_text,merged
7.FCM內控CI---陸、投資循環---114.04.md,7.FCM內控CI---陸、投資循環---114.04_table_2,7.FCM內控CI---陸、投資循環---114.04_table_7,1,1,merge_first_row_only_drop_intervening_text,merged
7.FCM內控CI---陸、投資循環---114.04.md,7.FCM內控CI---陸、投資循環---114.04_table_2,7.FCM內控CI---陸、投資循環---114.04_table_8,1,1,merge_first_row_only_drop_intervening_text,merged
7.FCM內控CI---陸、投資循環---114.04.md,7.FCM內控CI---陸、投資循環---114.04_table_2,7.FCM內控CI---陸、投資循環---114.04_table_9,1,1,merge_first_row_only_drop_intervening_text,merged
7.FCM內控CI---陸、投資循環---114.04.md,7.FCM內控CI---陸、投資循環---114.04_table_2,7.FCM內控CI---陸、投資循環---114.04_table_10,1,1,merge_first_row_only_drop_intervening_text,merged
7.FCM內控CI---陸、投資循環---114.04.md,7.FCM內控CI---陸、投資循環---114.04_table_2,7.FCM內控CI---陸、投資循環---114.04_table_11,1,1,merge_first_row_only_drop_intervening_text,merged
7.FCM內控CI---陸、投資循環---114.04.md,7.FCM內控CI---陸、投資循環---114.04_table_2,7.FCM內控CI---陸、投資循環---114.04_table_12,1,1,merge_first_row_only_drop_intervening_text,merged
7.FCM內控CI---陸、投資循環---114.04.md,7.FCM內控CI---陸、投資循環---114.04_table_13,7.FCM內控CI---陸、投資循環---114.04_table_14,1,1,merge_first_row_only_drop_intervening_text,merged
7.FCM內控CI---陸、投資循環---114.04.md,7.FCM內控CI---陸、投資循環---114.04_table_15,7.FCM內控CI---陸、投資循環---114.04_table_16,1,1,merge_first_row_only_drop_intervening_text,merged
8.FCM內控CC---柒、電腦作業與資訊提供---114.04.md,8.FCM內控CC---柒、電腦作業與資訊提供---114.04_table_3,8.FCM內控CC---柒、電腦作業與資訊提供---114.04_table_4,1,1,merge_first_row_only_drop_intervening_text,merged
8.FCM內控CC---柒、電腦作業與資訊提供---114.04.md,8.FCM內控CC---柒、電腦作業與資訊提供---114.04_table_3,8.FCM內控CC---柒、電腦作業與資訊提供---114.04_table_5,1,1,merge_first_row_only_drop_intervening_text,merged
8.FCM內控CC---柒、電腦作業與資訊提供---114.04.md,8.FCM內控CC---柒、電腦作業與資訊提供---114.04_table_8,8.FCM內控CC---柒、電腦作業與資訊提供---114.04_table_9,1,1,merge_first_row_only_drop_intervening_text,merged
8.FCM內控CC---柒、電腦作業與資訊提供---114.04.md,8.FCM內控CC---柒、電腦作業與資訊提供---114.04_table_11,8.FCM內控CC---柒、電腦作業與資訊提供---114.04_table_12,1,1,merge_first_row_only_drop_intervening_text,merged
8.FCM內控CC---柒、電腦作業與資訊提供---114.04.md,8.FCM內控CC---柒、電腦作業與資訊提供---114.04_table_11,8.FCM內控CC---柒、電腦作業與資訊提供---114.04_table_13,1,1,merge_first_row_only_drop_intervening_text,merged
8.FCM內控CC---柒、電腦作業與資訊提供---114.04.md,8.FCM內控CC---柒、電腦作業與資訊提供---114.04_table_11,8.FCM內控CC---柒、電腦作業與資訊提供---114.04_table_14,1,1,merge_first_row_only_drop_intervening_text,merged
8.FCM內控CC---柒、電腦作業與資訊提供---114.04.md,8.FCM內控CC---柒、電腦作業與資訊提供---114.04_table_11,8.FCM內控CC---柒、電腦作業與資訊提供---114.04_table_15,1,1,merge_first_row_only_drop_intervening_text,merged
8.FCM內控CC---柒、電腦作業與資訊提供---114.04.md,8.FCM內控CC---柒、電腦作業與資訊提供---114.04_table_11,8.FCM內控CC---柒、電腦作業與資訊提供---114.04_table_16,1,1,merge_first_row_only_drop_intervening_text,merged
8.FCM內控CC---柒、電腦作業與資訊提供---114.04.md,8.FCM內控CC---柒、電腦作業與資訊提供---114.04_table_11,8.FCM內控CC---柒、電腦作業與資訊提供---114.04_table_17,1,1,merge_first_row_only_drop_intervening_text,merged
8.FCM內控CC---柒、電腦作業與資訊提供---114.04.md,8.FCM內控CC---柒、電腦作業與資訊提供---114.04_table_18,8.FCM內控CC---柒、電腦作業與資訊提供---114.04_table_19,1,1,merge_first_row_only_drop_intervening_text,merged
8.FCM內控CC---柒、電腦作業與資訊提供---114.04.md,8.FCM內控CC---柒、電腦作業與資訊提供---114.04_table_18,8.FCM內控CC---柒、電腦作業與資訊提供---114.04_table_20,1,1,merge_first_row_only_drop_intervening_text,merged
8.FCM內控CC---柒、電腦作業與資訊提供---114.04.md,8.FCM內控CC---柒、電腦作業與資訊提供---114.04_table_18,8.FCM內控CC---柒、電腦作業與資訊提供---114.04_table_21,1,1,merge_first_row_only_drop_intervening_text,merged
8.FCM內控CC---柒、電腦作業與資訊提供---114.04.md,8.FCM內控CC---柒、電腦作業與資訊提供---114.04_table_18,8.FCM內控CC---柒、電腦作業與資訊提供---114.04_table_22,1,1,merge_first_row_only_drop_intervening_text,merged
8.FCM內控CC---柒、電腦作業與資訊提供---114.04.md,8.FCM內控CC---柒、電腦作業與資訊提供---114.04_table_23,8.FCM內控CC---柒、電腦作業與資訊提供---114.04_table_24,1,1,merge_first_row_only_drop_intervening_text,merged
8.FCM內控CC---柒、電腦作業與資訊提供---114.04.md,8.FCM內控CC---柒、電腦作業與資訊提供---114.04_table_23,8.FCM內控CC---柒、電腦作業與資訊提供---114.04_table_25,1,1,merge_first_row_only_drop_intervening_text,merged
8.FCM內控CC---柒、電腦作業與資訊提供---114.04.md,8.FCM內控CC---柒、電腦作業與資訊提供---114.04_table_23,8.FCM內控CC---柒、電腦作業與資訊提供---114.04_table_26,1,1,merge_first_row_only_drop_intervening_text,merged
8.FCM內控CC---柒、電腦作業與資訊提供---114.04.md,8.FCM內控CC---柒、電腦作業與資訊提供---114.04_table_23,8.FCM內控CC---柒、電腦作業與資訊提供---114.04_table_27,1,1,merge_first_row_only_drop_intervening_text,merged
8.FCM內控CC---柒、電腦作業與資訊提供---114.04.md,8.FCM內控CC---柒、電腦作業與資訊提供---114.04_table_28,8.FCM內控CC---柒、電腦作業與資訊提供---114.04_table_29,1,1,merge_first_row_only_drop_intervening_text,merged
8.FCM內控CC---柒、電腦作業與資訊提供---114.04.md,8.FCM內控CC---柒、電腦作業與資訊提供---114.04_table_28,8.FCM內控CC---柒、電腦作業與資訊提供---114.04_table_30,1,1,merge_first_row_only_drop_intervening_text,merged
8.FCM內控CC---柒、電腦作業與資訊提供---114.04.md,8.FCM內控CC---柒、電腦作業與資訊提供---114.04_table_28,8.FCM內控CC---柒、電腦作業與資訊提供---114.04_table_31,1,1,merge_first_row_only_drop_intervening_text,merged
8.FCM內控CC---柒、電腦作業與資訊提供---114.04.md,8.FCM內控CC---柒、電腦作業與資訊提供---114.04_table_28,8.FCM內控CC---柒、電腦作業與資訊提供---114.04_table_32,1,1,merge_first_row_only_drop_intervening_text,merged
8.FCM內控CC---柒、電腦作業與資訊提供---114.04.md,8.FCM內控CC---柒、電腦作業與資訊提供---114.04_table_28,8.FCM內控CC---柒、電腦作業與資訊提供---114.04_table_33,1,1,merge_first_row_only_drop_intervening_text,merged
8.FCM內控CC---柒、電腦作業與資訊提供---114.04.md,8.FCM內控CC---柒、電腦作業與資訊提供---114.04_table_28,8.FCM內控CC---柒、電腦作業與資訊提供---114.04_table_34,1,1,merge_first_row_only_drop_intervening_text,merged
8.FCM內控CC---柒、電腦作業與資訊提供---114.04.md,8.FCM內控CC---柒、電腦作業與資訊提供---114.04_table_28,8.FCM內控CC---柒、電腦作業與資訊提供---114.04_table_35,1,1,merge_first_row_only_drop_intervening_text,merged
8.FCM內控CC---柒、電腦作業與資訊提供---114.04.md,8.FCM內控CC---柒、電腦作業與資訊提供---114.04_table_28,8.FCM內控CC---柒、電腦作業與資訊提供---114.04_table_36,1,1,merge_first_row_only_drop_intervening_text,merged
8.FCM內控CC---柒、電腦作業與資訊提供---114.04.md,8.FCM內控CC---柒、電腦作業與資訊提供---114.04_table_28,8.FCM內控CC---柒、電腦作業與資訊提供---114.04_table_37,1,1,merge_first_row_only_drop_intervening_text,merged
8.FCM內控CC---柒、電腦作業與資訊提供---114.04.md,8.FCM內控CC---柒、電腦作業與資訊提供---114.04_table_28,8.FCM內控CC---柒、電腦作業與資訊提供---114.04_table_38,1,1,merge_first_row_only_drop_intervening_text,merged
8.FCM內控CC---柒、電腦作業與資訊提供---114.04.md,8.FCM內控CC---柒、電腦作業與資訊提供---114.04_table_28,8.FCM內控CC---柒、電腦作業與資訊提供---114.04_table_39,1,1,merge_first_row_only_drop_intervening_text,merged
8.FCM內控CC---柒、電腦作業與資訊提供---114.04.md,8.FCM內控CC---柒、電腦作業與資訊提供---114.04_table_40,8.FCM內控CC---柒、電腦作業與資訊提供---114.04_table_41,1,1,merge_first_row_only_drop_intervening_text,merged
8.FCM內控CC---柒、電腦作業與資訊提供---114.04.md,8.FCM內控CC---柒、電腦作業與資訊提供---114.04_table_40,8.FCM內控CC---柒、電腦作業與資訊提供---114.04_table_42,1,1,merge_first_row_only_drop_intervening_text,merged
8.FCM內控CC---柒、電腦作業與資訊提供---114.04.md,8.FCM內控CC---柒、電腦作業與資訊提供---114.04_table_40,8.FCM內控CC---柒、電腦作業與資訊提供---114.04_table_43,1,1,merge_first_row_only_drop_intervening_text,merged
8.FCM內控CC---柒、電腦作業與資訊提供---114.04.md,8.FCM內控CC---柒、電腦作業與資訊提供---114.04_table_45,8.FCM內控CC---柒、電腦作業與資訊提供---114.04_table_46,1,1,merge_first_row_only_drop_intervening_text,merged
8.FCM內控CC---柒、電腦作業與資訊提供---114.04.md,8.FCM內控CC---柒、電腦作業與資訊提供---114.04_table_45,8.FCM內控CC---柒、電腦作業與資訊提供---114.04_table_47,1,1,merge_first_row_only_drop_intervening_text,merged
8.FCM內控CC---柒、電腦作業與資訊提供---114.04.md,8.FCM內控CC---柒、電腦作業與資訊提供---114.04_table_45,8.FCM內控CC---柒、電腦作業與資訊提供---114.04_table_48,1,1,merge_first_row_only_drop_intervening_text,merged
8.FCM內控CC---柒、電腦作業與資訊提供---114.04.md,8.FCM內控CC---柒、電腦作業與資訊提供---114.04_table_49,8.FCM內控CC---柒、電腦作業與資訊提供---114.04_table_50,1,1,merge_first_row_only_drop_intervening_text,merged
9.FCM內控CM---捌、管理控制制度---114.04.md,9.FCM內控CM---捌、管理控制制度---114.04_table_2,9.FCM內控CM---捌、管理控制制度---114.04_table_3,1,1,merge_first_row_only_drop_intervening_text,merged
9.FCM內控CM---捌、管理控制制度---114.04.md,9.FCM內控CM---捌、管理控制制度---114.04_table_6,9.FCM內控CM---捌、管理控制制度---114.04_table_7,1,1,merge_first_row_only_drop_intervening_text,merged
9.FCM內控CM---捌、管理控制制度---114.04.md,9.FCM內控CM---捌、管理控制制度---114.04_table_10,9.FCM內控CM---捌、管理控制制度---114.04_table_11,1,1,merge_first_row_only_drop_intervening_text,merged
9.FCM內控CM---捌、管理控制制度---114.04.md,9.FCM內控CM---捌、管理控制制度---114.04_table_10,9.FCM內控CM---捌、管理控制制度---114.04_table_12,1,1,merge_first_row_only_drop_intervening_text,merged
9.FCM內控CM---捌、管理控制制度---114.04.md,9.FCM內控CM---捌、管理控制制度---114.04_table_10,9.FCM內控CM---捌、管理控制制度---114.04_table_13,1,1,merge_first_row_only_drop_intervening_text,merged
9.FCM內控CM---捌、管理控制制度---114.04.md,9.FCM內控CM---捌、管理控制制度---114.04_table_14,9.FCM內控CM---捌、管理控制制度---114.04_table_15,1,1,merge_first_row_only_drop_intervening_text,merged
9.FCM內控CM---捌、管理控制制度---114.04.md,9.FCM內控CM---捌、管理控制制度---114.04_table_14,9.FCM內控CM---捌、管理控制制度---114.04_table_16,1,1,merge_first_row_only_drop_intervening_text,merged
9.FCM內控CM---捌、管理控制制度---114.04.md,9.FCM內控CM---捌、管理控制制度---114.04_table_18,9.FCM內控CM---捌、管理控制制度---114.04_table_19,1,1,merge_first_row_only_drop_intervening_text,merged
9.FCM內控CM---捌、管理控制制度---114.04.md,9.FCM內控CM---捌、管理控制制度---114.04_table_20,9.FCM內控CM---捌、管理控制制度---114.04_table_21,1,1,merge_first_row_only_drop_intervening_text,merged
9.FCM內控CM---捌、管理控制制度---114.04.md,9.FCM內控CM---捌、管理控制制度---114.04_table_20,9.FCM內控CM---捌、管理控制制度---114.04_table_22,1,1,merge_first_row_only_drop_intervening_text,merged
9.FCM內控CM---捌、管理控制制度---114.04.md,9.FCM內控CM---捌、管理控制制度---114.04_table_20,9.FCM內控CM---捌、管理控制制度---114.04_table_23,1,1,merge_first_row_only_drop_intervening_text,merged
9.FCM內控CM---捌、管理控制制度---114.04.md,9.FCM內控CM---捌、管理控制制度---114.04_table_24,9.FCM內控CM---捌、管理控制制度---114.04_table_25,1,1,merge_first_row_only_drop_intervening_text,merged
9.FCM內控CM---捌、管理控制制度---114.04.md,9.FCM內控CM---捌、管理控制制度---114.04_table_26,9.FCM內控CM---捌、管理控制制度---114.04_table_27,1,1,merge_first_row_only_drop_intervening_text,merged
9.FCM內控CM---捌、管理控制制度---114.04.md,9.FCM內控CM---捌、管理控制制度---114.04_table_26,9.FCM內控CM---捌、管理控制制度---114.04_table_28,1,1,merge_first_row_only_drop_intervening_text,merged
9.FCM內控CM---捌、管理控制制度---114.04.md,9.FCM內控CM---捌、管理控制制度---114.04_table_26,9.FCM內控CM---捌、管理控制制度---114.04_table_29,1,1,merge_first_row_only_drop_intervening_text,merged
9.FCM內控CM---捌、管理控制制度---114.04.md,9.FCM內控CM---捌、管理控制制度---114.04_table_26,9.FCM內控CM---捌、管理控制制度---114.04_table_30,1,1,merge_first_row_only_drop_intervening_text,merged
9.FCM內控CM---捌、管理控制制度---114.04.md,9.FCM內控CM---捌、管理控制制度---114.04_table_26,9.FCM內控CM---捌、管理控制制度---114.04_table_31,1,1,merge_first_row_only_drop_intervening_text,merged
9.FCM內控CM---捌、管理控制制度---114.04.md,9.FCM內控CM---捌、管理控制制度---114.04_table_26,9.FCM內控CM---捌、管理控制制度---114.04_table_32,1,1,merge_first_row_only_drop_intervening_text,merged
9.FCM內控CM---捌、管理控制制度---114.04.md,9.FCM內控CM---捌、管理控制制度---114.04_table_26,9.FCM內控CM---捌、管理控制制度---114.04_table_33,1,1,merge_first_row_only_drop_intervening_text,merged
9.FCM內控CM---捌、管理控制制度---114.04.md,9.FCM內控CM---捌、管理控制制度---114.04_table_26,9.FCM內控CM---捌、管理控制制度---114.04_table_34,1,1,merge_first_row_only_drop_intervening_text,merged
9.FCM內控CM---捌、管理控制制度---114.04.md,9.FCM內控CM---捌、管理控制制度---114.04_table_35,9.FCM內控CM---捌、管理控制制度---114.04_table_36,1,1,merge_first_row_only_drop_intervening_text,merged
9.FCM內控CM---捌、管理控制制度---114.04.md,9.FCM內控CM---捌、管理控制制度---114.04_table_37,9.FCM內控CM---捌、管理控制制度---114.04_table_38,1,1,merge_first_row_only_drop_intervening_text,merged
9.FCM內控CM---捌、管理控制制度---114.04.md,9.FCM內控CM---捌、管理控制制度---114.04_table_37,9.FCM內控CM---捌、管理控制制度---114.04_table_39,1,1,merge_first_row_only_drop_intervening_text,merged
9.FCM內控CM---捌、管理控制制度---114.04.md,9.FCM內控CM---捌、管理控制制度---114.04_table_37,9.FCM內控CM---捌、管理控制制度---114.04_table_40,1,1,merge_first_row_only_drop_intervening_text,merged
9.FCM內控CM---捌、管理控制制度---114.04.md,9.FCM內控CM---捌、管理控制制度---114.04_table_41,9.FCM內控CM---捌、管理控制制度---114.04_table_42,1,1,merge_first_row_only_drop_intervening_text,merged
9.FCM內控CM---捌、管理控制制度---114.04.md,9.FCM內控CM---捌、管理控制制度---114.04_table_43,9.FCM內控CM---捌、管理控制制度---114.04_table_44,1,1,merge_first_row_only_drop_intervening_text,merged
9.FCM內控CM---捌、管理控制制度---114.04.md,9.FCM內控CM---捌、管理控制制度---114.04_table_43,9.FCM內控CM---捌、管理控制制度---114.04_table_45,1,1,merge_first_row_only_drop_intervening_text,merged
9.FCM內控CM---捌、管理控制制度---114.04.md,9.FCM內控CM---捌、管理控制制度---114.04_table_46,9.FCM內控CM---捌、管理控制制度---114.04_table_47,1,1,merge_first_row_only_drop_intervening_text,merged
9.FCM內控CM---捌、管理控制制度---114.04.md,9.FCM內控CM---捌、管理控制制度---114.04_table_46,9.FCM內控CM---捌、管理控制制度---114.04_table_48,1,1,merge_first_row_only_drop_intervening_text,merged
9.FCM內控CM---捌、管理控制制度---114.04.md,9.FCM內控CM---捌、管理控制制度---114.04_table_46,9.FCM內控CM---捌、管理控制制度---114.04_table_49,1,1,merge_first_row_only_drop_intervening_text,merged
財團法人中華民國證券櫃檯買賣中心證券商經營自行買賣具證券性質之虛擬通貨業務管理辦法1090120.md,財團法人中華民國證券櫃檯買賣中心證券商經營自行買賣具證券性質之虛擬通貨業務管理辦法1090120_table_1,財團法人中華民國證券櫃檯買賣中心證券商經營自行買賣具證券性質之虛擬通貨業務管理辦法1090120_table_2,4,1,merge_first_row_only_drop_intervening_text,merged
財團法人中華民國證券櫃檯買賣中心證券商經營自行買賣具證券性質之虛擬通貨業務管理辦法1090120.md,財團法人中華民國證券櫃檯買賣中心證券商經營自行買賣具證券性質之虛擬通貨業務管理辦法1090120_table_1,財團法人中華民國證券櫃檯買賣中心證券商經營自行買賣具證券性質之虛擬通貨業務管理辦法1090120_table_3,4,1,merge_first_row_then_append_rest_drop_intervening_text,merged
財團法人中華民國證券櫃檯買賣中心證券商經營自行買賣具證券性質之虛擬通貨業務管理辦法1090120.md,財團法人中華民國證券櫃檯買賣中心證券商經營自行買賣具證券性質之虛擬通貨業務管理辦法1090120_table_1,財團法人中華民國證券櫃檯買賣中心證券商經營自行買賣具證券性質之虛擬通貨業務管理辦法1090120_table_4,4,1,merge_first_row_then_append_rest_drop_intervening_text,merged
財團法人中華民國證券櫃檯買賣中心證券商經營自行買賣具證券性質之虛擬通貨業務管理辦法1090120.md,財團法人中華民國證券櫃檯買賣中心證券商經營自行買賣具證券性質之虛擬通貨業務管理辦法1090120_table_1,財團法人中華民國證券櫃檯買賣中心證券商經營自行買賣具證券性質之虛擬通貨業務管理辦法1090120_table_5,4,1,merge_first_row_then_append_rest_drop_intervening_text,merged
財團法人中華民國證券櫃檯買賣中心證券商經營自行買賣具證券性質之虛擬通貨業務管理辦法1090120.md,財團法人中華民國證券櫃檯買賣中心證券商經營自行買賣具證券性質之虛擬通貨業務管理辦法1090120_table_1,財團法人中華民國證券櫃檯買賣中心證券商經營自行買賣具證券性質之虛擬通貨業務管理辦法1090120_table_6,4,1,merge_first_row_then_append_rest_drop_intervening_text,merged
財團法人中華民國證券櫃檯買賣中心證券商經營自行買賣具證券性質之虛擬通貨業務管理辦法1090120.md,財團法人中華民國證券櫃檯買賣中心證券商經營自行買賣具證券性質之虛擬通貨業務管理辦法1090120_table_1,財團法人中華民國證券櫃檯買賣中心證券商經營自行買賣具證券性質之虛擬通貨業務管理辦法1090120_table_7,4,1,merge_first_row_then_append_rest_drop_intervening_text,merged
財團法人中華民國證券櫃檯買賣中心證券商經營自行買賣具證券性質之虛擬通貨業務管理辦法1090120.md,財團法人中華民國證券櫃檯買賣中心證券商經營自行買賣具證券性質之虛擬通貨業務管理辦法1090120_table_1,財團法人中華民國證券櫃檯買賣中心證券商經營自行買賣具證券性質之虛擬通貨業務管理辦法1090120_table_8,4,1,merge_first_row_then_append_rest_drop_intervening_text,merged
財團法人中華民國證券櫃檯買賣中心證券商經營自行買賣具證券性質之虛擬通貨業務管理辦法1090120.md,財團法人中華民國證券櫃檯買賣中心證券商經營自行買賣具證券性質之虛擬通貨業務管理辦法1090120_table_1,財團法人中華民國證券櫃檯買賣中心證券商經營自行買賣具證券性質之虛擬通貨業務管理辦法1090120_table_9,4,1,merge_first_row_then_append_rest_drop_intervening_text,merged
財團法人中華民國證券櫃檯買賣中心證券商經營自行買賣具證券性質之虛擬通貨業務管理辦法1090120.md,財團法人中華民國證券櫃檯買賣中心證券商經營自行買賣具證券性質之虛擬通貨業務管理辦法1090120_table_1,財團法人中華民國證券櫃檯買賣中心證券商經營自行買賣具證券性質之虛擬通貨業務管理辦法1090120_table_10,4,1,merge_first_row_then_append_rest_drop_intervening_text,merged
財團法人中華民國證券櫃檯買賣中心證券商經營自行買賣具證券性質之虛擬通貨業務管理辦法1090120.md,財團法人中華民國證券櫃檯買賣中心證券商經營自行買賣具證券性質之虛擬通貨業務管理辦法1090120_table_1,財團法人中華民國證券櫃檯買賣中心證券商經營自行買賣具證券性質之虛擬通貨業務管理辦法1090120_table_11,4,1,merge_first_row_then_append_rest_drop_intervening_text,merged
財團法人中華民國證券櫃檯買賣中心證券商經營自行買賣具證券性質之虛擬通貨業務管理辦法1090120.md,財團法人中華民國證券櫃檯買賣中心證券商經營自行買賣具證券性質之虛擬通貨業務管理辦法1090120_table_1,財團法人中華民國證券櫃檯買賣中心證券商經營自行買賣具證券性質之虛擬通貨業務管理辦法1090120_table_12,4,1,merge_first_row_then_append_rest_drop_intervening_text,merged
財團法人中華民國證券櫃檯買賣中心證券商經營自行買賣具證券性質之虛擬通貨業務管理辦法1090120.md,財團法人中華民國證券櫃檯買賣中心證券商經營自行買賣具證券性質之虛擬通貨業務管理辦法1090120_table_1,財團法人中華民國證券櫃檯買賣中心證券商經營自行買賣具證券性質之虛擬通貨業務管理辦法1090120_table_13,4,1,merge_first_row_then_append_rest_drop_intervening_text,merged
財團法人中華民國證券櫃檯買賣中心證券商經營自行買賣具證券性質之虛擬通貨業務管理辦法1090120.md,財團法人中華民國證券櫃檯買賣中心證券商經營自行買賣具證券性質之虛擬通貨業務管理辦法1090120_table_1,財團法人中華民國證券櫃檯買賣中心證券商經營自行買賣具證券性質之虛擬通貨業務管理辦法1090120_table_14,4,1,merge_first_row_then_append_rest_drop_intervening_text,merged
財團法人中華民國證券櫃檯買賣中心證券商經營自行買賣具證券性質之虛擬通貨業務管理辦法1090120.md,財團法人中華民國證券櫃檯買賣中心證券商經營自行買賣具證券性質之虛擬通貨業務管理辦法1090120_table_1,財團法人中華民國證券櫃檯買賣中心證券商經營自行買賣具證券性質之虛擬通貨業務管理辦法1090120_table_15,4,1,merge_first_row_then_append_rest_drop_intervening_text,merged
財團法人中華民國證券櫃檯買賣中心證券商經營自行買賣具證券性質之虛擬通貨業務管理辦法1090120.md,財團法人中華民國證券櫃檯買賣中心證券商經營自行買賣具證券性質之虛擬通貨業務管理辦法1090120_table_1,財團法人中華民國證券櫃檯買賣中心證券商經營自行買賣具證券性質之虛擬通貨業務管理辦法1090120_table_16,4,1,merge_first_row_then_append_rest_drop_intervening_text,merged
財團法人中華民國證券櫃檯買賣中心證券商經營自行買賣具證券性質之虛擬通貨業務管理辦法1090120.md,財團法人中華民國證券櫃檯買賣中心證券商經營自行買賣具證券性質之虛擬通貨業務管理辦法1090120_table_1,財團法人中華民國證券櫃檯買賣中心證券商經營自行買賣具證券性質之虛擬通貨業務管理辦法1090120_table_17,4,1,merge_first_row_then_append_rest_drop_intervening_text,merged
財團法人中華民國證券櫃檯買賣中心證券商經營自行買賣具證券性質之虛擬通貨業務管理辦法1090120.md,財團法人中華民國證券櫃檯買賣中心證券商經營自行買賣具證券性質之虛擬通貨業務管理辦法1090120_table_1,財團法人中華民國證券櫃檯買賣中心證券商經營自行買賣具證券性質之虛擬通貨業務管理辦法1090120_table_18,4,1,merge_first_row_then_append_rest_drop_intervening_text,merged
財團法人中華民國證券櫃檯買賣中心證券商經營自行買賣具證券性質之虛擬通貨業務管理辦法1090120.md,財團法人中華民國證券櫃檯買賣中心證券商經營自行買賣具證券性質之虛擬通貨業務管理辦法1090120_table_1,財團法人中華民國證券櫃檯買賣中心證券商經營自行買賣具證券性質之虛擬通貨業務管理辦法1090120_table_19,4,1,merge_first_row_only_drop_intervening_text,merged
財團法人中華民國證券櫃檯買賣中心證券商經營自行買賣具證券性質之虛擬通貨業務管理辦法1090120.md,財團法人中華民國證券櫃檯買賣中心證券商經營自行買賣具證券性質之虛擬通貨業務管理辦法1090120_table_1,財團法人中華民國證券櫃檯買賣中心證券商經營自行買賣具證券性質之虛擬通貨業務管理辦法1090120_table_20,4,1,merge_first_row_then_append_rest_drop_intervening_text,merged
財團法人中華民國證券櫃檯買賣中心證券商經營自行買賣具證券性質之虛擬通貨業務管理辦法1090120.md,財團法人中華民國證券櫃檯買賣中心證券商經營自行買賣具證券性質之虛擬通貨業務管理辦法1090120_table_1,財團法人中華民國證券櫃檯買賣中心證券商經營自行買賣具證券性質之虛擬通貨業務管理辦法1090120_table_21,4,1,merge_first_row_then_append_rest_drop_intervening_text,merged
財團法人中華民國證券櫃檯買賣中心證券商經營自行買賣具證券性質之虛擬通貨業務管理辦法1090120.md,財團法人中華民國證券櫃檯買賣中心證券商經營自行買賣具證券性質之虛擬通貨業務管理辦法1090120_table_1,財團法人中華民國證券櫃檯買賣中心證券商經營自行買賣具證券性質之虛擬通貨業務管理辦法1090120_table_22,4,1,merge_first_row_then_append_rest_drop_intervening_text,merged
財團法人中華民國證券櫃檯買賣中心證券商經營自行買賣具證券性質之虛擬通貨業務管理辦法1090120.md,財團法人中華民國證券櫃檯買賣中心證券商經營自行買賣具證券性質之虛擬通貨業務管理辦法1090120_table_1,財團法人中華民國證券櫃檯買賣中心證券商經營自行買賣具證券性質之虛擬通貨業務管理辦法1090120_table_23,4,1,merge_first_row_then_append_rest_drop_intervening_text,merged
財團法人中華民國證券櫃檯買賣中心證券商經營自行買賣具證券性質之虛擬通貨業務管理辦法1090120.md,財團法人中華民國證券櫃檯買賣中心證券商經營自行買賣具證券性質之虛擬通貨業務管理辦法1090120_table_1,財團法人中華民國證券櫃檯買賣中心證券商經營自行買賣具證券性質之虛擬通貨業務管理辦法1090120_table_24,4,1,merge_first_row_then_append_rest_drop_intervening_text,merged
財團法人中華民國證券櫃檯買賣中心證券商經營自行買賣具證券性質之虛擬通貨業務管理辦法1090120.md,財團法人中華民國證券櫃檯買賣中心證券商經營自行買賣具證券性質之虛擬通貨業務管理辦法1090120_table_1,財團法人中華民國證券櫃檯買賣中心證券商經營自行買賣具證券性質之虛擬通貨業務管理辦法1090120_table_25,4,1,merge_first_row_then_append_rest_drop_intervening_text,merged
財團法人中華民國證券櫃檯買賣中心證券商經營自行買賣具證券性質之虛擬通貨業務管理辦法1090120.md,財團法人中華民國證券櫃檯買賣中心證券商經營自行買賣具證券性質之虛擬通貨業務管理辦法1090120_table_26,財團法人中華民國證券櫃檯買賣中心證券商經營自行買賣具證券性質之虛擬通貨業務管理辦法1090120_table_27,4,1,merge_first_row_then_append_rest_drop_intervening_text,merged
財團法人中華民國證券櫃檯買賣中心證券商經營自行買賣具證券性質之虛擬通貨業務管理辦法1090120.md,財團法人中華民國證券櫃檯買賣中心證券商經營自行買賣具證券性質之虛擬通貨業務管理辦法1090120_table_26,財團法人中華民國證券櫃檯買賣中心證券商經營自行買賣具證券性質之虛擬通貨業務管理辦法1090120_table_28,4,1,merge_first_row_then_append_rest_drop_intervening_text,merged
財團法人中華民國證券櫃檯買賣中心證券商經營自行買賣具證券性質之虛擬通貨業務管理辦法1090120.md,財團法人中華民國證券櫃檯買賣中心證券商經營自行買賣具證券性質之虛擬通貨業務管理辦法1090120_table_26,財團法人中華民國證券櫃檯買賣中心證券商經營自行買賣具證券性質之虛擬通貨業務管理辦法1090120_table_29,4,1,merge_first_row_then_append_rest_drop_intervening_text,merged
金融機構辦理電子銀行業務安全控管作業基準含附錄1150107.md,金融機構辦理電子銀行業務安全控管作業基準含附錄1150107_table_2,金融機構辦理電子銀行業務安全控管作業基準含附錄1150107_table_3,2,0,merge_first_row_then_append_rest_drop_intervening_text,merged
金融機構辦理電子銀行業務安全控管作業基準含附錄1150107.md,金融機構辦理電子銀行業務安全控管作業基準含附錄1150107_table_2,金融機構辦理電子銀行業務安全控管作業基準含附錄1150107_table_4,2,0,merge_first_row_then_append_rest_drop_intervening_text,merged
金融機構辦理電子銀行業務安全控管作業基準含附錄1150107.md,金融機構辦理電子銀行業務安全控管作業基準含附錄1150107_table_2,金融機構辦理電子銀行業務安全控管作業基準含附錄1150107_table_5,2,0,merge_first_row_then_append_rest_drop_intervening_text,merged
金融機構辦理電子銀行業務安全控管作業基準含附錄1150107.md,金融機構辦理電子銀行業務安全控管作業基準含附錄1150107_table_2,金融機構辦理電子銀行業務安全控管作業基準含附錄1150107_table_6,2,0,merge_first_row_then_append_rest_drop_intervening_text,merged
金融機構辦理電子銀行業務安全控管作業基準含附錄1150107.md,金融機構辦理電子銀行業務安全控管作業基準含附錄1150107_table_7,金融機構辦理電子銀行業務安全控管作業基準含附錄1150107_table_8,2,0,merge_first_row_then_append_rest_drop_intervening_text,merged
金融機構辦理電子銀行業務安全控管作業基準含附錄1150107.md,金融機構辦理電子銀行業務安全控管作業基準含附錄1150107_table_9,金融機構辦理電子銀行業務安全控管作業基準含附錄1150107_table_10,2,0,merge_first_row_then_append_rest_drop_intervening_text,merged
金融機構辦理電子銀行業務安全控管作業基準含附錄1150107.md,金融機構辦理電子銀行業務安全控管作業基準含附錄1150107_table_11,金融機構辦理電子銀行業務安全控管作業基準含附錄1150107_table_12,2,0,merge_first_row_then_append_rest_drop_intervening_text,merged
金融機構辦理電子銀行業務安全控管作業基準含附錄1150107.md,金融機構辦理電子銀行業務安全控管作業基準含附錄1150107_table_13,金融機構辦理電子銀行業務安全控管作業基準含附錄1150107_table_14,2,0,merge_first_row_then_append_rest_drop_intervening_text,merged
金融機構辦理電子銀行業務安全控管作業基準含附錄1150107.md,金融機構辦理電子銀行業務安全控管作業基準含附錄1150107_table_15,金融機構辦理電子銀行業務安全控管作業基準含附錄1150107_table_16,2,0,merge_first_row_then_append_rest_drop_intervening_text,merged
金融機構辦理電子銀行業務安全控管作業基準含附錄1150107.md,金融機構辦理電子銀行業務安全控管作業基準含附錄1150107_table_15,金融機構辦理電子銀行業務安全控管作業基準含附錄1150107_table_17,2,0,merge_first_row_then_append_rest_drop_intervening_text,merged
金融機構辦理電子銀行業務安全控管作業基準含附錄1150107.md,金融機構辦理電子銀行業務安全控管作業基準含附錄1150107_table_18,金融機構辦理電子銀行業務安全控管作業基準含附錄1150107_table_19,2,0,merge_first_row_then_append_rest_drop_intervening_text,merged
金融機構辦理電子銀行業務安全控管作業基準含附錄1150107.md,金融機構辦理電子銀行業務安全控管作業基準含附錄1150107_table_20,金融機構辦理電子銀行業務安全控管作業基準含附錄1150107_table_21,2,0,merge_first_row_then_append_rest_drop_intervening_text,merged
金融機構辦理電子銀行業務安全控管作業基準含附錄1150107.md,金融機構辦理電子銀行業務安全控管作業基準含附錄1150107_table_22,金融機構辦理電子銀行業務安全控管作業基準含附錄1150107_table_23,2,0,merge_first_row_then_append_rest_drop_intervening_text,merged
金融機構辦理電子銀行業務安全控管作業基準含附錄1150107.md,金融機構辦理電子銀行業務安全控管作業基準含附錄1150107_table_24,金融機構辦理電子銀行業務安全控管作業基準含附錄1150107_table_25,2,0,merge_first_row_then_append_rest_drop_intervening_text,merged
金融機構辦理電子銀行業務安全控管作業基準含附錄1150107.md,金融機構辦理電子銀行業務安全控管作業基準含附錄1150107_table_26,金融機構辦理電子銀行業務安全控管作業基準含附錄1150107_table_27,2,0,merge_first_row_then_append_rest_drop_intervening_text,merged
金融機構辦理電子銀行業務安全控管作業基準含附錄1150107.md,金融機構辦理電子銀行業務安全控管作業基準含附錄1150107_table_28,金融機構辦理電子銀行業務安全控管作業基準含附錄1150107_table_29,2,0,merge_first_row_only_drop_intervening_text,merged
金融機構辦理電子銀行業務安全控管作業基準含附錄1150107.md,金融機構辦理電子銀行業務安全控管作業基準含附錄1150107_table_33,金融機構辦理電子銀行業務安全控管作業基準含附錄1150107_table_34,2,0,merge_first_row_then_append_rest_drop_intervening_text,merged
金融機構辦理電子銀行業務安全控管作業基準含附錄1150107.md,金融機構辦理電子銀行業務安全控管作業基準含附錄1150107_table_35,金融機構辦理電子銀行業務安全控管作業基準含附錄1150107_table_36,2,0,merge_first_row_then_append_rest_drop_intervening_text,merged
金融機構辦理電子銀行業務安全控管作業基準含附錄1150107.md,金融機構辦理電子銀行業務安全控管作業基準含附錄1150107_table_35,金融機構辦理電子銀行業務安全控管作業基準含附錄1150107_table_37,2,0,merge_first_row_then_append_rest_drop_intervening_text,merged
金融機構辦理電子銀行業務安全控管作業基準含附錄1150107.md,金融機構辦理電子銀行業務安全控管作業基準含附錄1150107_table_40,金融機構辦理電子銀行業務安全控管作業基準含附錄1150107_table_41,2,0,merge_first_row_then_append_rest_drop_intervening_text,merged
金融機構辦理電子銀行業務安全控管作業基準含附錄1150107.md,金融機構辦理電子銀行業務安全控管作業基準含附錄1150107_table_43,金融機構辦理電子銀行業務安全控管作業基準含附錄1150107_table_44,2,0,merge_first_row_then_append_rest_drop_intervening_text,merged
金融機構辦理電子銀行業務安全控管作業基準含附錄1150107.md,金融機構辦理電子銀行業務安全控管作業基準含附錄1150107_table_45,金融機構辦理電子銀行業務安全控管作業基準含附錄1150107_table_46,2,0,merge_first_row_then_append_rest_drop_intervening_text,merged
金融機構辦理電子銀行業務安全控管作業基準含附錄1150107.md,金融機構辦理電子銀行業務安全控管作業基準含附錄1150107_table_47,金融機構辦理電子銀行業務安全控管作業基準含附錄1150107_table_48,2,0,merge_first_row_then_append_rest_drop_intervening_text,merged
金融機構辦理電子銀行業務安全控管作業基準含附錄1150107.md,金融機構辦理電子銀行業務安全控管作業基準含附錄1150107_table_49,金融機構辦理電子銀行業務安全控管作業基準含附錄1150107_table_50,2,0,merge_first_row_then_append_rest_drop_intervening_text,merged
金融機構辦理電子銀行業務安全控管作業基準含附錄1150107.md,金融機構辦理電子銀行業務安全控管作業基準含附錄1150107_table_49,金融機構辦理電子銀行業務安全控管作業基準含附錄1150107_table_51,2,0,merge_first_row_then_append_rest_drop_intervening_text,merged
金融機構辦理電子銀行業務安全控管作業基準含附錄1150107.md,金融機構辦理電子銀行業務安全控管作業基準含附錄1150107_table_52,金融機構辦理電子銀行業務安全控管作業基準含附錄1150107_table_53,2,0,merge_first_row_then_append_rest_drop_intervening_text,merged
金融機構辦理電子銀行業務安全控管作業基準含附錄1150107.md,金融機構辦理電子銀行業務安全控管作業基準含附錄1150107_table_54,金融機構辦理電子銀行業務安全控管作業基準含附錄1150107_table_55,2,0,merge_first_row_then_append_rest_drop_intervening_text,merged
金融機構辦理電子銀行業務安全控管作業基準含附錄1150107.md,金融機構辦理電子銀行業務安全控管作業基準含附錄1150107_table_56,金融機構辦理電子銀行業務安全控管作業基準含附錄1150107_table_57,2,0,merge_first_row_then_append_rest_drop_intervening_text,merged
金融機構辦理電子銀行業務安全控管作業基準含附錄1150107.md,金融機構辦理電子銀行業務安全控管作業基準含附錄1150107_table_58,金融機構辦理電子銀行業務安全控管作業基準含附錄1150107_table_59,2,0,merge_first_row_then_append_rest_drop_intervening_text,merged
金融機構辦理電子銀行業務安全控管作業基準含附錄1150107.md,金融機構辦理電子銀行業務安全控管作業基準含附錄1150107_table_60,金融機構辦理電子銀行業務安全控管作業基準含附錄1150107_table_61,2,0,merge_first_row_then_append_rest_drop_intervening_text,merged
金融機構辦理電子銀行業務安全控管作業基準含附錄1150107.md,金融機構辦理電子銀行業務安全控管作業基準含附錄1150107_table_62,金融機構辦理電子銀行業務安全控管作業基準含附錄1150107_table_63,2,0,merge_first_row_then_append_rest_drop_intervening_text,merged
金融機構辦理電子銀行業務安全控管作業基準含附錄1150107.md,金融機構辦理電子銀行業務安全控管作業基準含附錄1150107_table_64,金融機構辦理電子銀行業務安全控管作業基準含附錄1150107_table_65,2,0,merge_first_row_then_append_rest_drop_intervening_text,merged
金融機構辦理電子銀行業務安全控管作業基準含附錄1150107.md,金融機構辦理電子銀行業務安全控管作業基準含附錄1150107_table_69,金融機構辦理電子銀行業務安全控管作業基準含附錄1150107_table_70,2,0,merge_first_row_then_append_rest_drop_intervening_text,merged
金融機構辦理電子銀行業務安全控管作業基準含附錄1150107.md,金融機構辦理電子銀行業務安全控管作業基準含附錄1150107_table_71,金融機構辦理電子銀行業務安全控管作業基準含附錄1150107_table_72,2,0,merge_first_row_then_append_rest_drop_intervening_text,merged
金融機構辦理電子銀行業務安全控管作業基準含附錄1150107.md,金融機構辦理電子銀行業務安全控管作業基準含附錄1150107_table_73,金融機構辦理電子銀行業務安全控管作業基準含附錄1150107_table_74,2,0,merge_first_row_then_append_rest_drop_intervening_text,merged
金融機構辦理電子銀行業務安全控管作業基準含附錄1150107.md,金融機構辦理電子銀行業務安全控管作業基準含附錄1150107_table_75,金融機構辦理電子銀行業務安全控管作業基準含附錄1150107_table_76,2,0,merge_first_row_then_append_rest_drop_intervening_text,merged
金融機構辦理電子銀行業務安全控管作業基準含附錄1150107.md,金融機構辦理電子銀行業務安全控管作業基準含附錄1150107_table_77,金融機構辦理電子銀行業務安全控管作業基準含附錄1150107_table_78,2,0,merge_first_row_then_append_rest_drop_intervening_text,merged
金融機構辦理電子銀行業務安全控管作業基準含附錄1150107.md,金融機構辦理電子銀行業務安全控管作業基準含附錄1150107_table_79,金融機構辦理電子銀行業務安全控管作業基準含附錄1150107_table_80,2,0,merge_first_row_then_append_rest_drop_intervening_text,merged
金融機構辦理電子銀行業務安全控管作業基準含附錄1150107.md,金融機構辦理電子銀行業務安全控管作業基準含附錄1150107_table_83,金融機構辦理電子銀行業務安全控管作業基準含附錄1150107_table_84,2,0,merge_first_row_then_append_rest_drop_intervening_text,merged
金融機構辦理電子銀行業務安全控管作業基準含附錄1150107.md,金融機構辦理電子銀行業務安全控管作業基準含附錄1150107_table_85,金融機構辦理電子銀行業務安全控管作業基準含附錄1150107_table_86,1,1,merge_first_row_then_append_rest_drop_intervening_text,merged
金融機構辦理電子銀行業務安全控管作業基準含附錄1150107.md,金融機構辦理電子銀行業務安全控管作業基準含附錄1150107_table_85,金融機構辦理電子銀行業務安全控管作業基準含附錄1150107_table_87,1,1,merge_first_row_then_append_rest_drop_intervening_text,merged
金融機構辦理電子銀行業務安全控管作業基準含附錄1150107.md,金融機構辦理電子銀行業務安全控管作業基準含附錄1150107_table_85,金融機構辦理電子銀行業務安全控管作業基準含附錄1150107_table_88,1,1,merge_first_row_then_append_rest_drop_intervening_text,merged
金融機構辦理電子銀行業務安全控管作業基準含附錄1150107.md,金融機構辦理電子銀行業務安全控管作業基準含附錄1150107_table_85,金融機構辦理電子銀行業務安全控管作業基準含附錄1150107_table_89,1,1,merge_first_row_then_append_rest_drop_intervening_text,merged
金融機構辦理電子銀行業務安全控管作業基準含附錄1150107.md,金融機構辦理電子銀行業務安全控管作業基準含附錄1150107_table_85,金融機構辦理電子銀行業務安全控管作業基準含附錄1150107_table_90,1,1,merge_first_row_then_append_rest_drop_intervening_text,merged
金融機構辦理電子銀行業務安全控管作業基準含附錄1150107.md,金融機構辦理電子銀行業務安全控管作業基準含附錄1150107_table_85,金融機構辦理電子銀行業務安全控管作業基準含附錄1150107_table_91,1,1,merge_first_row_then_append_rest_drop_intervening_text,merged
金融機構辦理電子銀行業務安全控管作業基準含附錄1150107.md,金融機構辦理電子銀行業務安全控管作業基準含附錄1150107_table_105,金融機構辦理電子銀行業務安全控管作業基準含附錄1150107_table_106,3,4,carry_forward_then_append_rows_drop_intervening_text,merged
金融機構辦理電子銀行業務安全控管作業基準含附錄1150107.md,金融機構辦理電子銀行業務安全控管作業基準含附錄1150107_table_105,金融機構辦理電子銀行業務安全控管作業基準含附錄1150107_table_107,3,4,carry_forward_then_append_rows_drop_intervening_text,merged
金融機構辦理電子銀行業務安全控管作業基準含附錄1150107.md,金融機構辦理電子銀行業務安全控管作業基準含附錄1150107_table_105,金融機構辦理電子銀行業務安全控管作業基準含附錄1150107_table_108,3,4,carry_forward_then_append_rows_drop_intervening_text,merged
金融機構辦理電子銀行業務安全控管作業基準含附錄1150107.md,金融機構辦理電子銀行業務安全控管作業基準含附錄1150107_table_105,金融機構辦理電子銀行業務安全控管作業基準含附錄1150107_table_109,3,4,carry_forward_then_append_rows_drop_intervening_text,merged
金融機構辦理電子銀行業務安全控管作業基準含附錄1150107.md,金融機構辦理電子銀行業務安全控管作業基準含附錄1150107_table_110,金融機構辦理電子銀行業務安全控管作業基準含附錄1150107_table_111,3,4,carry_forward_then_append_rows_drop_intervening_text,merged
金融機構辦理電子銀行業務安全控管作業基準含附錄1150107.md,金融機構辦理電子銀行業務安全控管作業基準含附錄1150107_table_110,金融機構辦理電子銀行業務安全控管作業基準含附錄1150107_table_112,3,4,carry_forward_then_append_rows_drop_intervening_text,merged
金融機構辦理電子銀行業務安全控管作業基準含附錄1150107.md,金融機構辦理電子銀行業務安全控管作業基準含附錄1150107_table_110,金融機構辦理電子銀行業務安全控管作業基準含附錄1150107_table_113,3,4,carry_forward_then_append_rows_drop_intervening_text,merged
金融機構辦理電子銀行業務安全控管作業基準含附錄1150107.md,金融機構辦理電子銀行業務安全控管作業基準含附錄1150107_table_110,金融機構辦理電子銀行業務安全控管作業基準含附錄1150107_table_114,3,4,carry_forward_then_append_rows_drop_intervening_text,merged
金融機構辦理電子銀行業務安全控管作業基準含附錄1150107.md,金融機構辦理電子銀行業務安全控管作業基準含附錄1150107_table_110,金融機構辦理電子銀行業務安全控管作業基準含附錄1150107_table_115,3,4,carry_forward_rows_drop_intervening_text,merged
金融機構辦理電子銀行業務安全控管作業基準含附錄1150107.md,金融機構辦理電子銀行業務安全控管作業基準含附錄1150107_table_110,金融機構辦理電子銀行業務安全控管作業基準含附錄1150107_table_116,3,4,carry_forward_rows_drop_intervening_text,merged
金融機構辦理電子銀行業務安全控管作業基準含附錄1150107.md,金融機構辦理電子銀行業務安全控管作業基準含附錄1150107_table_110,金融機構辦理電子銀行業務安全控管作業基準含附錄1150107_table_117,3,4,carry_forward_then_append_rows_drop_intervening_text,merged
金融機構辦理電子銀行業務安全控管作業基準含附錄1150107.md,金融機構辦理電子銀行業務安全控管作業基準含附錄1150107_table_110,金融機構辦理電子銀行業務安全控管作業基準含附錄1150107_table_118,3,4,carry_forward_then_append_rows_drop_intervening_text,merged
金融機構辦理電子銀行業務安全控管作業基準含附錄1150107.md,金融機構辦理電子銀行業務安全控管作業基準含附錄1150107_table_110,金融機構辦理電子銀行業務安全控管作業基準含附錄1150107_table_119,3,4,carry_forward_then_append_rows_drop_intervening_text,merged
金融機構辦理電子銀行業務安全控管作業基準含附錄1150107.md,金融機構辦理電子銀行業務安全控管作業基準含附錄1150107_table_110,金融機構辦理電子銀行業務安全控管作業基準含附錄1150107_table_120,3,4,carry_forward_then_append_rows_drop_intervening_text,merged
金融機構辦理電子銀行業務安全控管作業基準含附錄1150107.md,金融機構辦理電子銀行業務安全控管作業基準含附錄1150107_table_110,金融機構辦理電子銀行業務安全控管作業基準含附錄1150107_table_121,3,4,carry_forward_then_append_rows_drop_intervening_text,merged
金融機構辦理電子銀行業務安全控管作業基準含附錄1150107.md,金融機構辦理電子銀行業務安全控管作業基準含附錄1150107_table_110,金融機構辦理電子銀行業務安全控管作業基準含附錄1150107_table_122,3,4,carry_forward_then_append_rows_drop_intervening_text,merged
金融機構辦理電子銀行業務安全控管作業基準含附錄1150107.md,金融機構辦理電子銀行業務安全控管作業基準含附錄1150107_table_110,金融機構辦理電子銀行業務安全控管作業基準含附錄1150107_table_123,3,4,carry_forward_then_append_rows_drop_intervening_text,merged
金融機構辦理電子銀行業務安全控管作業基準含附錄1150107.md,金融機構辦理電子銀行業務安全控管作業基準含附錄1150107_table_110,金融機構辦理電子銀行業務安全控管作業基準含附錄1150107_table_124,3,4,carry_forward_then_append_rows_drop_intervening_text,merged
金融機構辦理電子銀行業務安全控管作業基準含附錄1150107.md,金融機構辦理電子銀行業務安全控管作業基準含附錄1150107_table_110,金融機構辦理電子銀行業務安全控管作業基準含附錄1150107_table_125,3,4,carry_forward_then_append_rows_drop_intervening_text,merged
金融機構辦理電子銀行業務安全控管作業基準含附錄1150107.md,金融機構辦理電子銀行業務安全控管作業基準含附錄1150107_table_110,金融機構辦理電子銀行業務安全控管作業基準含附錄1150107_table_126,3,4,carry_forward_then_append_rows_drop_intervening_text,merged
金融機構辦理電子銀行業務安全控管作業基準含附錄1150107.md,金融機構辦理電子銀行業務安全控管作業基準含附錄1150107_table_110,金融機構辦理電子銀行業務安全控管作業基準含附錄1150107_table_127,3,4,carry_forward_then_append_rows_drop_intervening_text,merged
