來源檔案,表格檔名,行數
1110921新興科技資通安全自律規範及修正對照表.md,1110921新興科技資通安全自律規範及修正對照表_table_1.md,6 行
1110921新興科技資通安全自律規範及修正對照表.md,1110921新興科技資通安全自律規範及修正對照表_table_2.md,4 行
1110921新興科技資通安全自律規範及修正對照表.md,1110921新興科技資通安全自律規範及修正對照表_table_3.md,3 行
1110921新興科技資通安全自律規範及修正對照表.md,1110921新興科技資通安全自律規範及修正對照表_table_4.md,6 行
1110921新興科技資通安全自律規範及修正對照表.md,1110921新興科技資通安全自律規範及修正對照表_table_5.md,9 行
1110921新興科技資通安全自律規範及修正對照表.md,1110921新興科技資通安全自律規範及修正對照表_table_6.md,9 行
1110921新興科技資通安全自律規範及修正對照表.md,1110921新興科技資通安全自律規範及修正對照表_table_7.md,8 行
1110921新興科技資通安全自律規範及修正對照表.md,1110921新興科技資通安全自律規範及修正對照表_table_8.md,8 行
1110921新興科技資通安全自律規範及修正對照表.md,1110921新興科技資通安全自律規範及修正對照表_table_9.md,8 行
1110921新興科技資通安全自律規範及修正對照表.md,1110921新興科技資通安全自律規範及修正對照表_table_10.md,8 行
1110921新興科技資通安全自律規範及修正對照表.md,1110921新興科技資通安全自律規範及修正對照表_table_11.md,7 行
1110921新興科技資通安全自律規範及修正對照表.md,1110921新興科技資通安全自律規範及修正對照表_table_12.md,8 行
1110921新興科技資通安全自律規範及修正對照表.md,1110921新興科技資通安全自律規範及修正對照表_table_13.md,6 行
1110921新興科技資通安全自律規範及修正對照表.md,1110921新興科技資通安全自律規範及修正對照表_table_14.md,6 行
1110921新興科技資通安全自律規範及修正對照表.md,1110921新興科技資通安全自律規範及修正對照表_table_15.md,5 行
1110921新興科技資通安全自律規範及修正對照表.md,1110921新興科技資通安全自律規範及修正對照表_table_16.md,5 行
1110921新興科技資通安全自律規範及修正對照表.md,1110921新興科技資通安全自律規範及修正對照表_table_17.md,6 行
1110921新興科技資通安全自律規範及修正對照表.md,1110921新興科技資通安全自律規範及修正對照表_table_18.md,5 行
1110921新興科技資通安全自律規範及修正對照表.md,1110921新興科技資通安全自律規範及修正對照表_table_19.md,4 行
1110921新興科技資通安全自律規範及修正對照表.md,1110921新興科技資通安全自律規範及修正對照表_table_20.md,3 行
1110921新興科技資通安全自律規範及修正對照表.md,1110921新興科技資通安全自律規範及修正對照表_table_21.md,5 行
2.FCM內控CA---壹、業務及收入循環 ---114.04.md,2.FCM內控CA---壹、業務及收入循環 ---114.04_table_1.md,3 行
2.FCM內控CA---壹、業務及收入循環 ---114.04.md,2.FCM內控CA---壹、業務及收入循環 ---114.04_table_2.md,3 行
2.FCM內控CA---壹、業務及收入循環 ---114.04.md,2.FCM內控CA---壹、業務及收入循環 ---114.04_table_3.md,3 行
2.FCM內控CA---壹、業務及收入循環 ---114.04.md,2.FCM內控CA---壹、業務及收入循環 ---114.04_table_4.md,3 行
2.FCM內控CA---壹、業務及收入循環 ---114.04.md,2.FCM內控CA---壹、業務及收入循環 ---114.04_table_5.md,3 行
2.FCM內控CA---壹、業務及收入循環 ---114.04.md,2.FCM內控CA---壹、業務及收入循環 ---114.04_table_6.md,3 行
2.FCM內控CA---壹、業務及收入循環 ---114.04.md,2.FCM內控CA---壹、業務及收入循環 ---114.04_table_7.md,3 行
2.FCM內控CA---壹、業務及收入循環 ---114.04.md,2.FCM內控CA---壹、業務及收入循環 ---114.04_table_8.md,3 行
2.FCM內控CA---壹、業務及收入循環 ---114.04.md,2.FCM內控CA---壹、業務及收入循環 ---114.04_table_9.md,3 行
2.FCM內控CA---壹、業務及收入循環 ---114.04.md,2.FCM內控CA---壹、業務及收入循環 ---114.04_table_10.md,3 行
2.FCM內控CA---壹、業務及收入循環 ---114.04.md,2.FCM內控CA---壹、業務及收入循環 ---114.04_table_11.md,3 行
2.FCM內控CA---壹、業務及收入循環 ---114.04.md,2.FCM內控CA---壹、業務及收入循環 ---114.04_table_12.md,3 行
2.FCM內控CA---壹、業務及收入循環 ---114.04.md,2.FCM內控CA---壹、業務及收入循環 ---114.04_table_13.md,3 行
2.FCM內控CA---壹、業務及收入循環 ---114.04.md,2.FCM內控CA---壹、業務及收入循環 ---114.04_table_14.md,3 行
2.FCM內控CA---壹、業務及收入循環 ---114.04.md,2.FCM內控CA---壹、業務及收入循環 ---114.04_table_15.md,3 行
2.FCM內控CA---壹、業務及收入循環 ---114.04.md,2.FCM內控CA---壹、業務及收入循環 ---114.04_table_16.md,3 行
2.FCM內控CA---壹、業務及收入循環 ---114.04.md,2.FCM內控CA---壹、業務及收入循環 ---114.04_table_17.md,3 行
2.FCM內控CA---壹、業務及收入循環 ---114.04.md,2.FCM內控CA---壹、業務及收入循環 ---114.04_table_18.md,3 行
2.FCM內控CA---壹、業務及收入循環 ---114.04.md,2.FCM內控CA---壹、業務及收入循環 ---114.04_table_19.md,3 行
2.FCM內控CA---壹、業務及收入循環 ---114.04.md,2.FCM內控CA---壹、業務及收入循環 ---114.04_table_20.md,3 行
2.FCM內控CA---壹、業務及收入循環 ---114.04.md,2.FCM內控CA---壹、業務及收入循環 ---114.04_table_21.md,3 行
2.FCM內控CA---壹、業務及收入循環 ---114.04.md,2.FCM內控CA---壹、業務及收入循環 ---114.04_table_22.md,3 行
2.FCM內控CA---壹、業務及收入循環 ---114.04.md,2.FCM內控CA---壹、業務及收入循環 ---114.04_table_23.md,3 行
2.FCM內控CA---壹、業務及收入循環 ---114.04.md,2.FCM內控CA---壹、業務及收入循環 ---114.04_table_24.md,3 行
2.FCM內控CA---壹、業務及收入循環 ---114.04.md,2.FCM內控CA---壹、業務及收入循環 ---114.04_table_25.md,3 行
2.FCM內控CA---壹、業務及收入循環 ---114.04.md,2.FCM內控CA---壹、業務及收入循環 ---114.04_table_26.md,3 行
2.FCM內控CA---壹、業務及收入循環 ---114.04.md,2.FCM內控CA---壹、業務及收入循環 ---114.04_table_27.md,3 行
2.FCM內控CA---壹、業務及收入循環 ---114.04.md,2.FCM內控CA---壹、業務及收入循環 ---114.04_table_28.md,3 行
2.FCM內控CA---壹、業務及收入循環 ---114.04.md,2.FCM內控CA---壹、業務及收入循環 ---114.04_table_29.md,3 行
2.FCM內控CA---壹、業務及收入循環 ---114.04.md,2.FCM內控CA---壹、業務及收入循環 ---114.04_table_30.md,3 行
2.FCM內控CA---壹、業務及收入循環 ---114.04.md,2.FCM內控CA---壹、業務及收入循環 ---114.04_table_31.md,3 行
2.FCM內控CA---壹、業務及收入循環 ---114.04.md,2.FCM內控CA---壹、業務及收入循環 ---114.04_table_32.md,3 行
2.FCM內控CA---壹、業務及收入循環 ---114.04.md,2.FCM內控CA---壹、業務及收入循環 ---114.04_table_33.md,3 行
2.FCM內控CA---壹、業務及收入循環 ---114.04.md,2.FCM內控CA---壹、業務及收入循環 ---114.04_table_34.md,3 行
2.FCM內控CA---壹、業務及收入循環 ---114.04.md,2.FCM內控CA---壹、業務及收入循環 ---114.04_table_35.md,3 行
2.FCM內控CA---壹、業務及收入循環 ---114.04.md,2.FCM內控CA---壹、業務及收入循環 ---114.04_table_36.md,3 行
2.FCM內控CA---壹、業務及收入循環 ---114.04.md,2.FCM內控CA---壹、業務及收入循環 ---114.04_table_37.md,3 行
2.FCM內控CA---壹、業務及收入循環 ---114.04.md,2.FCM內控CA---壹、業務及收入循環 ---114.04_table_38.md,3 行
2.FCM內控CA---壹、業務及收入循環 ---114.04.md,2.FCM內控CA---壹、業務及收入循環 ---114.04_table_39.md,3 行
2.FCM內控CA---壹、業務及收入循環 ---114.04.md,2.FCM內控CA---壹、業務及收入循環 ---114.04_table_40.md,3 行
2.FCM內控CA---壹、業務及收入循環 ---114.04.md,2.FCM內控CA---壹、業務及收入循環 ---114.04_table_41.md,3 行
2.FCM內控CA---壹、業務及收入循環 ---114.04.md,2.FCM內控CA---壹、業務及收入循環 ---114.04_table_42.md,3 行
2.FCM內控CA---壹、業務及收入循環 ---114.04.md,2.FCM內控CA---壹、業務及收入循環 ---114.04_table_43.md,3 行
2.FCM內控CA---壹、業務及收入循環 ---114.04.md,2.FCM內控CA---壹、業務及收入循環 ---114.04_table_44.md,3 行
2.FCM內控CA---壹、業務及收入循環 ---114.04.md,2.FCM內控CA---壹、業務及收入循環 ---114.04_table_45.md,3 行
2.FCM內控CA---壹、業務及收入循環 ---114.04.md,2.FCM內控CA---壹、業務及收入循環 ---114.04_table_46.md,3 行
2.FCM內控CA---壹、業務及收入循環 ---114.04.md,2.FCM內控CA---壹、業務及收入循環 ---114.04_table_47.md,3 行
2.FCM內控CA---壹、業務及收入循環 ---114.04.md,2.FCM內控CA---壹、業務及收入循環 ---114.04_table_48.md,3 行
2.FCM內控CA---壹、業務及收入循環 ---114.04.md,2.FCM內控CA---壹、業務及收入循環 ---114.04_table_49.md,3 行
2.FCM內控CA---壹、業務及收入循環 ---114.04.md,2.FCM內控CA---壹、業務及收入循環 ---114.04_table_50.md,3 行
2.FCM內控CA---壹、業務及收入循環 ---114.04.md,2.FCM內控CA---壹、業務及收入循環 ---114.04_table_51.md,3 行
2.FCM內控CA---壹、業務及收入循環 ---114.04.md,2.FCM內控CA---壹、業務及收入循環 ---114.04_table_52.md,3 行
2.FCM內控CA---壹、業務及收入循環 ---114.04.md,2.FCM內控CA---壹、業務及收入循環 ---114.04_table_53.md,3 行
2.FCM內控CA---壹、業務及收入循環 ---114.04.md,2.FCM內控CA---壹、業務及收入循環 ---114.04_table_54.md,3 行
2.FCM內控CA---壹、業務及收入循環 ---114.04.md,2.FCM內控CA---壹、業務及收入循環 ---114.04_table_55.md,3 行
2.FCM內控CA---壹、業務及收入循環 ---114.04.md,2.FCM內控CA---壹、業務及收入循環 ---114.04_table_56.md,3 行
2.FCM內控CA---壹、業務及收入循環 ---114.04.md,2.FCM內控CA---壹、業務及收入循環 ---114.04_table_57.md,3 行
2.FCM內控CA---壹、業務及收入循環 ---114.04.md,2.FCM內控CA---壹、業務及收入循環 ---114.04_table_58.md,3 行
2.FCM內控CA---壹、業務及收入循環 ---114.04.md,2.FCM內控CA---壹、業務及收入循環 ---114.04_table_59.md,3 行
2.FCM內控CA---壹、業務及收入循環 ---114.04.md,2.FCM內控CA---壹、業務及收入循環 ---114.04_table_60.md,3 行
2.FCM內控CA---壹、業務及收入循環 ---114.04.md,2.FCM內控CA---壹、業務及收入循環 ---114.04_table_61.md,3 行
2.FCM內控CA---壹、業務及收入循環 ---114.04.md,2.FCM內控CA---壹、業務及收入循環 ---114.04_table_62.md,3 行
2.FCM內控CA---壹、業務及收入循環 ---114.04.md,2.FCM內控CA---壹、業務及收入循環 ---114.04_table_63.md,3 行
2.FCM內控CA---壹、業務及收入循環 ---114.04.md,2.FCM內控CA---壹、業務及收入循環 ---114.04_table_64.md,3 行
2.FCM內控CA---壹、業務及收入循環 ---114.04.md,2.FCM內控CA---壹、業務及收入循環 ---114.04_table_65.md,3 行
2.FCM內控CA---壹、業務及收入循環 ---114.04.md,2.FCM內控CA---壹、業務及收入循環 ---114.04_table_66.md,3 行
2.FCM內控CA---壹、業務及收入循環 ---114.04.md,2.FCM內控CA---壹、業務及收入循環 ---114.04_table_67.md,3 行
2.FCM內控CA---壹、業務及收入循環 ---114.04.md,2.FCM內控CA---壹、業務及收入循環 ---114.04_table_68.md,3 行
2.FCM內控CA---壹、業務及收入循環 ---114.04.md,2.FCM內控CA---壹、業務及收入循環 ---114.04_table_69.md,3 行
2.FCM內控CA---壹、業務及收入循環 ---114.04.md,2.FCM內控CA---壹、業務及收入循環 ---114.04_table_70.md,3 行
2.FCM內控CA---壹、業務及收入循環 ---114.04.md,2.FCM內控CA---壹、業務及收入循環 ---114.04_table_71.md,3 行
2.FCM內控CA---壹、業務及收入循環 ---114.04.md,2.FCM內控CA---壹、業務及收入循環 ---114.04_table_72.md,3 行
2.FCM內控CA---壹、業務及收入循環 ---114.04.md,2.FCM內控CA---壹、業務及收入循環 ---114.04_table_73.md,3 行
2.FCM內控CA---壹、業務及收入循環 ---114.04.md,2.FCM內控CA---壹、業務及收入循環 ---114.04_table_74.md,3 行
2.FCM內控CA---壹、業務及收入循環 ---114.04.md,2.FCM內控CA---壹、業務及收入循環 ---114.04_table_75.md,3 行
2.FCM內控CA---壹、業務及收入循環 ---114.04.md,2.FCM內控CA---壹、業務及收入循環 ---114.04_table_76.md,3 行
2.FCM內控CA---壹、業務及收入循環 ---114.04.md,2.FCM內控CA---壹、業務及收入循環 ---114.04_table_77.md,3 行
2.FCM內控CA---壹、業務及收入循環 ---114.04.md,2.FCM內控CA---壹、業務及收入循環 ---114.04_table_78.md,3 行
2.FCM內控CA---壹、業務及收入循環 ---114.04.md,2.FCM內控CA---壹、業務及收入循環 ---114.04_table_79.md,3 行
2.FCM內控CA---壹、業務及收入循環 ---114.04.md,2.FCM內控CA---壹、業務及收入循環 ---114.04_table_80.md,3 行
2.FCM內控CA---壹、業務及收入循環 ---114.04.md,2.FCM內控CA---壹、業務及收入循環 ---114.04_table_81.md,3 行
2.FCM內控CA---壹、業務及收入循環 ---114.04.md,2.FCM內控CA---壹、業務及收入循環 ---114.04_table_82.md,3 行
2.FCM內控CA---壹、業務及收入循環 ---114.04.md,2.FCM內控CA---壹、業務及收入循環 ---114.04_table_83.md,3 行
2.FCM內控CA---壹、業務及收入循環 ---114.04.md,2.FCM內控CA---壹、業務及收入循環 ---114.04_table_84.md,3 行
2.FCM內控CA---壹、業務及收入循環 ---114.04.md,2.FCM內控CA---壹、業務及收入循環 ---114.04_table_85.md,3 行
2.FCM內控CA---壹、業務及收入循環 ---114.04.md,2.FCM內控CA---壹、業務及收入循環 ---114.04_table_86.md,3 行
2.FCM內控CA---壹、業務及收入循環 ---114.04.md,2.FCM內控CA---壹、業務及收入循環 ---114.04_table_87.md,3 行
2.FCM內控CA---壹、業務及收入循環 ---114.04.md,2.FCM內控CA---壹、業務及收入循環 ---114.04_table_88.md,3 行
2.FCM內控CA---壹、業務及收入循環 ---114.04.md,2.FCM內控CA---壹、業務及收入循環 ---114.04_table_89.md,3 行
2.FCM內控CA---壹、業務及收入循環 ---114.04.md,2.FCM內控CA---壹、業務及收入循環 ---114.04_table_90.md,3 行
2.FCM內控CA---壹、業務及收入循環 ---114.04.md,2.FCM內控CA---壹、業務及收入循環 ---114.04_table_91.md,3 行
2.FCM內控CA---壹、業務及收入循環 ---114.04.md,2.FCM內控CA---壹、業務及收入循環 ---114.04_table_92.md,3 行
2.FCM內控CA---壹、業務及收入循環 ---114.04.md,2.FCM內控CA---壹、業務及收入循環 ---114.04_table_93.md,3 行
2.FCM內控CA---壹、業務及收入循環 ---114.04.md,2.FCM內控CA---壹、業務及收入循環 ---114.04_table_94.md,3 行
2.FCM內控CA---壹、業務及收入循環 ---114.04.md,2.FCM內控CA---壹、業務及收入循環 ---114.04_table_95.md,3 行
2.FCM內控CA---壹、業務及收入循環 ---114.04.md,2.FCM內控CA---壹、業務及收入循環 ---114.04_table_96.md,3 行
2.FCM內控CA---壹、業務及收入循環 ---114.04.md,2.FCM內控CA---壹、業務及收入循環 ---114.04_table_97.md,3 行
2.FCM內控CA---壹、業務及收入循環 ---114.04.md,2.FCM內控CA---壹、業務及收入循環 ---114.04_table_98.md,3 行
2.FCM內控CA---壹、業務及收入循環 ---114.04.md,2.FCM內控CA---壹、業務及收入循環 ---114.04_table_99.md,3 行
2.FCM內控CA---壹、業務及收入循環 ---114.04.md,2.FCM內控CA---壹、業務及收入循環 ---114.04_table_100.md,3 行
2.FCM內控CA---壹、業務及收入循環 ---114.04.md,2.FCM內控CA---壹、業務及收入循環 ---114.04_table_101.md,3 行
2.FCM內控CA---壹、業務及收入循環 ---114.04.md,2.FCM內控CA---壹、業務及收入循環 ---114.04_table_102.md,3 行
2.FCM內控CA---壹、業務及收入循環 ---114.04.md,2.FCM內控CA---壹、業務及收入循環 ---114.04_table_103.md,3 行
2.FCM內控CA---壹、業務及收入循環 ---114.04.md,2.FCM內控CA---壹、業務及收入循環 ---114.04_table_104.md,3 行
2.FCM內控CA---壹、業務及收入循環 ---114.04.md,2.FCM內控CA---壹、業務及收入循環 ---114.04_table_105.md,3 行
2.FCM內控CA---壹、業務及收入循環 ---114.04.md,2.FCM內控CA---壹、業務及收入循環 ---114.04_table_106.md,4 行
2.FCM內控CA---壹、業務及收入循環 ---114.04.md,2.FCM內控CA---壹、業務及收入循環 ---114.04_table_107.md,3 行
2.FCM內控CA---壹、業務及收入循環 ---114.04.md,2.FCM內控CA---壹、業務及收入循環 ---114.04_table_108.md,3 行
2.FCM內控CA---壹、業務及收入循環 ---114.04.md,2.FCM內控CA---壹、業務及收入循環 ---114.04_table_109.md,3 行
2.FCM內控CA---壹、業務及收入循環 ---114.04.md,2.FCM內控CA---壹、業務及收入循環 ---114.04_table_110.md,3 行
2.FCM內控CA---壹、業務及收入循環 ---114.04.md,2.FCM內控CA---壹、業務及收入循環 ---114.04_table_111.md,3 行
2.FCM內控CA---壹、業務及收入循環 ---114.04.md,2.FCM內控CA---壹、業務及收入循環 ---114.04_table_112.md,3 行
2.FCM內控CA---壹、業務及收入循環 ---114.04.md,2.FCM內控CA---壹、業務及收入循環 ---114.04_table_113.md,3 行
2.FCM內控CA---壹、業務及收入循環 ---114.04.md,2.FCM內控CA---壹、業務及收入循環 ---114.04_table_114.md,3 行
2.FCM內控CA---壹、業務及收入循環 ---114.04.md,2.FCM內控CA---壹、業務及收入循環 ---114.04_table_115.md,3 行
2.FCM內控CA---壹、業務及收入循環 ---114.04.md,2.FCM內控CA---壹、業務及收入循環 ---114.04_table_116.md,3 行
2.FCM內控CA---壹、業務及收入循環 ---114.04.md,2.FCM內控CA---壹、業務及收入循環 ---114.04_table_117.md,3 行
2.FCM內控CA---壹、業務及收入循環 ---114.04.md,2.FCM內控CA---壹、業務及收入循環 ---114.04_table_118.md,3 行
2.FCM內控CA---壹、業務及收入循環 ---114.04.md,2.FCM內控CA---壹、業務及收入循環 ---114.04_table_119.md,3 行
2.FCM內控CA---壹、業務及收入循環 ---114.04.md,2.FCM內控CA---壹、業務及收入循環 ---114.04_table_120.md,3 行
2.FCM內控CA---壹、業務及收入循環 ---114.04.md,2.FCM內控CA---壹、業務及收入循環 ---114.04_table_121.md,3 行
2.FCM內控CA---壹、業務及收入循環 ---114.04.md,2.FCM內控CA---壹、業務及收入循環 ---114.04_table_122.md,3 行
2.FCM內控CA---壹、業務及收入循環 ---114.04.md,2.FCM內控CA---壹、業務及收入循環 ---114.04_table_123.md,3 行
2.FCM內控CA---壹、業務及收入循環 ---114.04.md,2.FCM內控CA---壹、業務及收入循環 ---114.04_table_124.md,3 行
2.FCM內控CA---壹、業務及收入循環 ---114.04.md,2.FCM內控CA---壹、業務及收入循環 ---114.04_table_125.md,3 行
2.FCM內控CA---壹、業務及收入循環 ---114.04.md,2.FCM內控CA---壹、業務及收入循環 ---114.04_table_126.md,3 行
2.FCM內控CA---壹、業務及收入循環 ---114.04.md,2.FCM內控CA---壹、業務及收入循環 ---114.04_table_127.md,3 行
2.FCM內控CA---壹、業務及收入循環 ---114.04.md,2.FCM內控CA---壹、業務及收入循環 ---114.04_table_128.md,3 行
2.FCM內控CA---壹、業務及收入循環 ---114.04.md,2.FCM內控CA---壹、業務及收入循環 ---114.04_table_129.md,3 行
2.FCM內控CA---壹、業務及收入循環 ---114.04.md,2.FCM內控CA---壹、業務及收入循環 ---114.04_table_130.md,3 行
2.FCM內控CA---壹、業務及收入循環 ---114.04.md,2.FCM內控CA---壹、業務及收入循環 ---114.04_table_131.md,3 行
2.FCM內控CA---壹、業務及收入循環 ---114.04.md,2.FCM內控CA---壹、業務及收入循環 ---114.04_table_132.md,3 行
2.FCM內控CA---壹、業務及收入循環 ---114.04.md,2.FCM內控CA---壹、業務及收入循環 ---114.04_table_133.md,3 行
2.FCM內控CA---壹、業務及收入循環 ---114.04.md,2.FCM內控CA---壹、業務及收入循環 ---114.04_table_134.md,3 行
2.FCM內控CA---壹、業務及收入循環 ---114.04.md,2.FCM內控CA---壹、業務及收入循環 ---114.04_table_135.md,3 行
2.FCM內控CA---壹、業務及收入循環 ---114.04.md,2.FCM內控CA---壹、業務及收入循環 ---114.04_table_136.md,3 行
2.FCM內控CA---壹、業務及收入循環 ---114.04.md,2.FCM內控CA---壹、業務及收入循環 ---114.04_table_137.md,3 行
2.FCM內控CA---壹、業務及收入循環 ---114.04.md,2.FCM內控CA---壹、業務及收入循環 ---114.04_table_138.md,3 行
2.FCM內控CA---壹、業務及收入循環 ---114.04.md,2.FCM內控CA---壹、業務及收入循環 ---114.04_table_139.md,3 行
2.FCM內控CA---壹、業務及收入循環 ---114.04.md,2.FCM內控CA---壹、業務及收入循環 ---114.04_table_140.md,3 行
2.FCM內控CA---壹、業務及收入循環 ---114.04.md,2.FCM內控CA---壹、業務及收入循環 ---114.04_table_141.md,3 行
2.FCM內控CA---壹、業務及收入循環 ---114.04.md,2.FCM內控CA---壹、業務及收入循環 ---114.04_table_142.md,3 行
2.FCM內控CA---壹、業務及收入循環 ---114.04.md,2.FCM內控CA---壹、業務及收入循環 ---114.04_table_143.md,3 行
2.FCM內控CA---壹、業務及收入循環 ---114.04.md,2.FCM內控CA---壹、業務及收入循環 ---114.04_table_144.md,3 行
2.FCM內控CA---壹、業務及收入循環 ---114.04.md,2.FCM內控CA---壹、業務及收入循環 ---114.04_table_145.md,3 行
2.FCM內控CA---壹、業務及收入循環 ---114.04.md,2.FCM內控CA---壹、業務及收入循環 ---114.04_table_146.md,3 行
2.FCM內控CA---壹、業務及收入循環 ---114.04.md,2.FCM內控CA---壹、業務及收入循環 ---114.04_table_147.md,3 行
2.FCM內控CA---壹、業務及收入循環 ---114.04.md,2.FCM內控CA---壹、業務及收入循環 ---114.04_table_148.md,3 行
2.FCM內控CA---壹、業務及收入循環 ---114.04.md,2.FCM內控CA---壹、業務及收入循環 ---114.04_table_149.md,3 行
2.FCM內控CA---壹、業務及收入循環 ---114.04.md,2.FCM內控CA---壹、業務及收入循環 ---114.04_table_150.md,3 行
2.FCM內控CA---壹、業務及收入循環 ---114.04.md,2.FCM內控CA---壹、業務及收入循環 ---114.04_table_151.md,3 行
2.FCM內控CA---壹、業務及收入循環 ---114.04.md,2.FCM內控CA---壹、業務及收入循環 ---114.04_table_152.md,3 行
2.FCM內控CA---壹、業務及收入循環 ---114.04.md,2.FCM內控CA---壹、業務及收入循環 ---114.04_table_153.md,3 行
2.FCM內控CA---壹、業務及收入循環 ---114.04.md,2.FCM內控CA---壹、業務及收入循環 ---114.04_table_154.md,3 行
2.FCM內控CA---壹、業務及收入循環 ---114.04.md,2.FCM內控CA---壹、業務及收入循環 ---114.04_table_155.md,3 行
2.FCM內控CA---壹、業務及收入循環 ---114.04.md,2.FCM內控CA---壹、業務及收入循環 ---114.04_table_156.md,3 行
2.FCM內控CA---壹、業務及收入循環 ---114.04.md,2.FCM內控CA---壹、業務及收入循環 ---114.04_table_157.md,3 行
2.FCM內控CA---壹、業務及收入循環 ---114.04.md,2.FCM內控CA---壹、業務及收入循環 ---114.04_table_158.md,3 行
2.FCM內控CA---壹、業務及收入循環 ---114.04.md,2.FCM內控CA---壹、業務及收入循環 ---114.04_table_159.md,3 行
2.FCM內控CA---壹、業務及收入循環 ---114.04.md,2.FCM內控CA---壹、業務及收入循環 ---114.04_table_160.md,3 行
2.FCM內控CA---壹、業務及收入循環 ---114.04.md,2.FCM內控CA---壹、業務及收入循環 ---114.04_table_161.md,3 行
2.FCM內控CA---壹、業務及收入循環 ---114.04.md,2.FCM內控CA---壹、業務及收入循環 ---114.04_table_162.md,3 行
2.FCM內控CA---壹、業務及收入循環 ---114.04.md,2.FCM內控CA---壹、業務及收入循環 ---114.04_table_163.md,3 行
2.FCM內控CA---壹、業務及收入循環 ---114.04.md,2.FCM內控CA---壹、業務及收入循環 ---114.04_table_164.md,3 行
2.FCM內控CA---壹、業務及收入循環 ---114.04.md,2.FCM內控CA---壹、業務及收入循環 ---114.04_table_165.md,3 行
2.FCM內控CA---壹、業務及收入循環 ---114.04.md,2.FCM內控CA---壹、業務及收入循環 ---114.04_table_166.md,3 行
2.FCM內控CA---壹、業務及收入循環 ---114.04.md,2.FCM內控CA---壹、業務及收入循環 ---114.04_table_167.md,3 行
2.FCM內控CA---壹、業務及收入循環 ---114.04.md,2.FCM內控CA---壹、業務及收入循環 ---114.04_table_168.md,3 行
2.FCM內控CA---壹、業務及收入循環 ---114.04.md,2.FCM內控CA---壹、業務及收入循環 ---114.04_table_169.md,3 行
2.FCM內控CA---壹、業務及收入循環 ---114.04.md,2.FCM內控CA---壹、業務及收入循環 ---114.04_table_170.md,3 行
2.FCM內控CA---壹、業務及收入循環 ---114.04.md,2.FCM內控CA---壹、業務及收入循環 ---114.04_table_171.md,3 行
2.FCM內控CA---壹、業務及收入循環 ---114.04.md,2.FCM內控CA---壹、業務及收入循環 ---114.04_table_172.md,3 行
2.FCM內控CA---壹、業務及收入循環 ---114.04.md,2.FCM內控CA---壹、業務及收入循環 ---114.04_table_173.md,3 行
2.FCM內控CA---壹、業務及收入循環 ---114.04.md,2.FCM內控CA---壹、業務及收入循環 ---114.04_table_174.md,3 行
2.FCM內控CA---壹、業務及收入循環 ---114.04.md,2.FCM內控CA---壹、業務及收入循環 ---114.04_table_175.md,3 行
2.FCM內控CA---壹、業務及收入循環 ---114.04.md,2.FCM內控CA---壹、業務及收入循環 ---114.04_table_176.md,3 行
2.FCM內控CA---壹、業務及收入循環 ---114.04.md,2.FCM內控CA---壹、業務及收入循環 ---114.04_table_177.md,3 行
2.FCM內控CA---壹、業務及收入循環 ---114.04.md,2.FCM內控CA---壹、業務及收入循環 ---114.04_table_178.md,3 行
2.FCM內控CA---壹、業務及收入循環 ---114.04.md,2.FCM內控CA---壹、業務及收入循環 ---114.04_table_179.md,3 行
2.FCM內控CA---壹、業務及收入循環 ---114.04.md,2.FCM內控CA---壹、業務及收入循環 ---114.04_table_180.md,3 行
2.FCM內控CA---壹、業務及收入循環 ---114.04.md,2.FCM內控CA---壹、業務及收入循環 ---114.04_table_181.md,3 行
2.FCM內控CA---壹、業務及收入循環 ---114.04.md,2.FCM內控CA---壹、業務及收入循環 ---114.04_table_182.md,3 行
2.FCM內控CA---壹、業務及收入循環 ---114.04.md,2.FCM內控CA---壹、業務及收入循環 ---114.04_table_183.md,3 行
2.FCM內控CA---壹、業務及收入循環 ---114.04.md,2.FCM內控CA---壹、業務及收入循環 ---114.04_table_184.md,3 行
2.FCM內控CA---壹、業務及收入循環 ---114.04.md,2.FCM內控CA---壹、業務及收入循環 ---114.04_table_185.md,3 行
2.FCM內控CA---壹、業務及收入循環 ---114.04.md,2.FCM內控CA---壹、業務及收入循環 ---114.04_table_186.md,3 行
2.FCM內控CA---壹、業務及收入循環 ---114.04.md,2.FCM內控CA---壹、業務及收入循環 ---114.04_table_187.md,3 行
2.FCM內控CA---壹、業務及收入循環 ---114.04.md,2.FCM內控CA---壹、業務及收入循環 ---114.04_table_188.md,3 行
2.FCM內控CA---壹、業務及收入循環 ---114.04.md,2.FCM內控CA---壹、業務及收入循環 ---114.04_table_189.md,3 行
2.FCM內控CA---壹、業務及收入循環 ---114.04.md,2.FCM內控CA---壹、業務及收入循環 ---114.04_table_190.md,3 行
2.FCM內控CA---壹、業務及收入循環 ---114.04.md,2.FCM內控CA---壹、業務及收入循環 ---114.04_table_191.md,3 行
2.FCM內控CA---壹、業務及收入循環 ---114.04.md,2.FCM內控CA---壹、業務及收入循環 ---114.04_table_192.md,3 行
2.FCM內控CA---壹、業務及收入循環 ---114.04.md,2.FCM內控CA---壹、業務及收入循環 ---114.04_table_193.md,3 行
2.FCM內控CA---壹、業務及收入循環 ---114.04.md,2.FCM內控CA---壹、業務及收入循環 ---114.04_table_194.md,3 行
2.FCM內控CA---壹、業務及收入循環 ---114.04.md,2.FCM內控CA---壹、業務及收入循環 ---114.04_table_195.md,3 行
2.FCM內控CA---壹、業務及收入循環 ---114.04.md,2.FCM內控CA---壹、業務及收入循環 ---114.04_table_196.md,3 行
2.FCM內控CA---壹、業務及收入循環 ---114.04.md,2.FCM內控CA---壹、業務及收入循環 ---114.04_table_197.md,3 行
2.FCM內控CA---壹、業務及收入循環 ---114.04.md,2.FCM內控CA---壹、業務及收入循環 ---114.04_table_198.md,3 行
2.FCM內控CA---壹、業務及收入循環 ---114.04.md,2.FCM內控CA---壹、業務及收入循環 ---114.04_table_199.md,3 行
2.FCM內控CA---壹、業務及收入循環 ---114.04.md,2.FCM內控CA---壹、業務及收入循環 ---114.04_table_200.md,3 行
2.FCM內控CA---壹、業務及收入循環 ---114.04.md,2.FCM內控CA---壹、業務及收入循環 ---114.04_table_201.md,3 行
2.FCM內控CA---壹、業務及收入循環 ---114.04.md,2.FCM內控CA---壹、業務及收入循環 ---114.04_table_202.md,3 行
2.FCM內控CA---壹、業務及收入循環 ---114.04.md,2.FCM內控CA---壹、業務及收入循環 ---114.04_table_203.md,3 行
2.FCM內控CA---壹、業務及收入循環 ---114.04.md,2.FCM內控CA---壹、業務及收入循環 ---114.04_table_204.md,3 行
2.FCM內控CA---壹、業務及收入循環 ---114.04.md,2.FCM內控CA---壹、業務及收入循環 ---114.04_table_205.md,3 行
2.FCM內控CA---壹、業務及收入循環 ---114.04.md,2.FCM內控CA---壹、業務及收入循環 ---114.04_table_206.md,3 行
2.FCM內控CA---壹、業務及收入循環 ---114.04.md,2.FCM內控CA---壹、業務及收入循環 ---114.04_table_207.md,3 行
2.FCM內控CA---壹、業務及收入循環 ---114.04.md,2.FCM內控CA---壹、業務及收入循環 ---114.04_table_208.md,3 行
2.FCM內控CA---壹、業務及收入循環 ---114.04.md,2.FCM內控CA---壹、業務及收入循環 ---114.04_table_209.md,3 行
2.FCM內控CA---壹、業務及收入循環 ---114.04.md,2.FCM內控CA---壹、業務及收入循環 ---114.04_table_210.md,3 行
2.FCM內控CA---壹、業務及收入循環 ---114.04.md,2.FCM內控CA---壹、業務及收入循環 ---114.04_table_211.md,3 行
2.FCM內控CA---壹、業務及收入循環 ---114.04.md,2.FCM內控CA---壹、業務及收入循環 ---114.04_table_212.md,3 行
2.FCM內控CA---壹、業務及收入循環 ---114.04.md,2.FCM內控CA---壹、業務及收入循環 ---114.04_table_213.md,3 行
2.FCM內控CA---壹、業務及收入循環 ---114.04.md,2.FCM內控CA---壹、業務及收入循環 ---114.04_table_214.md,3 行
2.FCM內控CA---壹、業務及收入循環 ---114.04.md,2.FCM內控CA---壹、業務及收入循環 ---114.04_table_215.md,3 行
2.FCM內控CA---壹、業務及收入循環 ---114.04.md,2.FCM內控CA---壹、業務及收入循環 ---114.04_table_216.md,3 行
2.FCM內控CA---壹、業務及收入循環 ---114.04.md,2.FCM內控CA---壹、業務及收入循環 ---114.04_table_217.md,3 行
2.FCM內控CA---壹、業務及收入循環 ---114.04.md,2.FCM內控CA---壹、業務及收入循環 ---114.04_table_218.md,3 行
2.FCM內控CA---壹、業務及收入循環 ---114.04.md,2.FCM內控CA---壹、業務及收入循環 ---114.04_table_219.md,3 行
2.FCM內控CA---壹、業務及收入循環 ---114.04.md,2.FCM內控CA---壹、業務及收入循環 ---114.04_table_220.md,3 行
2.FCM內控CA---壹、業務及收入循環 ---114.04.md,2.FCM內控CA---壹、業務及收入循環 ---114.04_table_221.md,3 行
2.FCM內控CA---壹、業務及收入循環 ---114.04.md,2.FCM內控CA---壹、業務及收入循環 ---114.04_table_222.md,3 行
2.FCM內控CA---壹、業務及收入循環 ---114.04.md,2.FCM內控CA---壹、業務及收入循環 ---114.04_table_223.md,3 行
2.FCM內控CA---壹、業務及收入循環 ---114.04.md,2.FCM內控CA---壹、業務及收入循環 ---114.04_table_224.md,3 行
2.FCM內控CA---壹、業務及收入循環 ---114.04.md,2.FCM內控CA---壹、業務及收入循環 ---114.04_table_225.md,3 行
2.FCM內控CA---壹、業務及收入循環 ---114.04.md,2.FCM內控CA---壹、業務及收入循環 ---114.04_table_226.md,3 行
2.FCM內控CA---壹、業務及收入循環 ---114.04.md,2.FCM內控CA---壹、業務及收入循環 ---114.04_table_227.md,3 行
2.FCM內控CA---壹、業務及收入循環 ---114.04.md,2.FCM內控CA---壹、業務及收入循環 ---114.04_table_228.md,3 行
2.FCM內控CA---壹、業務及收入循環 ---114.04.md,2.FCM內控CA---壹、業務及收入循環 ---114.04_table_229.md,3 行
2.FCM內控CA---壹、業務及收入循環 ---114.04.md,2.FCM內控CA---壹、業務及收入循環 ---114.04_table_230.md,3 行
2.FCM內控CA---壹、業務及收入循環 ---114.04.md,2.FCM內控CA---壹、業務及收入循環 ---114.04_table_231.md,3 行
2.FCM內控CA---壹、業務及收入循環 ---114.04.md,2.FCM內控CA---壹、業務及收入循環 ---114.04_table_232.md,3 行
2.FCM內控CA---壹、業務及收入循環 ---114.04.md,2.FCM內控CA---壹、業務及收入循環 ---114.04_table_233.md,3 行
2.FCM內控CA---壹、業務及收入循環 ---114.04.md,2.FCM內控CA---壹、業務及收入循環 ---114.04_table_234.md,3 行
2.FCM內控CA---壹、業務及收入循環 ---114.04.md,2.FCM內控CA---壹、業務及收入循環 ---114.04_table_235.md,3 行
2.FCM內控CA---壹、業務及收入循環 ---114.04.md,2.FCM內控CA---壹、業務及收入循環 ---114.04_table_236.md,3 行
2.FCM內控CA---壹、業務及收入循環 ---114.04.md,2.FCM內控CA---壹、業務及收入循環 ---114.04_table_237.md,3 行
2.FCM內控CA---壹、業務及收入循環 ---114.04.md,2.FCM內控CA---壹、業務及收入循環 ---114.04_table_238.md,3 行
2.FCM內控CA---壹、業務及收入循環 ---114.04.md,2.FCM內控CA---壹、業務及收入循環 ---114.04_table_239.md,3 行
2.FCM內控CA---壹、業務及收入循環 ---114.04.md,2.FCM內控CA---壹、業務及收入循環 ---114.04_table_240.md,3 行
2.FCM內控CA---壹、業務及收入循環 ---114.04.md,2.FCM內控CA---壹、業務及收入循環 ---114.04_table_241.md,3 行
2.FCM內控CA---壹、業務及收入循環 ---114.04.md,2.FCM內控CA---壹、業務及收入循環 ---114.04_table_242.md,3 行
2.FCM內控CA---壹、業務及收入循環 ---114.04.md,2.FCM內控CA---壹、業務及收入循環 ---114.04_table_243.md,3 行
2.FCM內控CA---壹、業務及收入循環 ---114.04.md,2.FCM內控CA---壹、業務及收入循環 ---114.04_table_244.md,3 行
2.FCM內控CA---壹、業務及收入循環 ---114.04.md,2.FCM內控CA---壹、業務及收入循環 ---114.04_table_245.md,3 行
2.FCM內控CA---壹、業務及收入循環 ---114.04.md,2.FCM內控CA---壹、業務及收入循環 ---114.04_table_246.md,3 行
2.FCM內控CA---壹、業務及收入循環 ---114.04.md,2.FCM內控CA---壹、業務及收入循環 ---114.04_table_247.md,3 行
2.FCM內控CA---壹、業務及收入循環 ---114.04.md,2.FCM內控CA---壹、業務及收入循環 ---114.04_table_248.md,3 行
2.FCM內控CA---壹、業務及收入循環 ---114.04.md,2.FCM內控CA---壹、業務及收入循環 ---114.04_table_249.md,3 行
2.FCM內控CA---壹、業務及收入循環 ---114.04.md,2.FCM內控CA---壹、業務及收入循環 ---114.04_table_250.md,3 行
2.FCM內控CA---壹、業務及收入循環 ---114.04.md,2.FCM內控CA---壹、業務及收入循環 ---114.04_table_251.md,3 行
2.FCM內控CA---壹、業務及收入循環 ---114.04.md,2.FCM內控CA---壹、業務及收入循環 ---114.04_table_252.md,3 行
2.FCM內控CA---壹、業務及收入循環 ---114.04.md,2.FCM內控CA---壹、業務及收入循環 ---114.04_table_253.md,3 行
2.FCM內控CA---壹、業務及收入循環 ---114.04.md,2.FCM內控CA---壹、業務及收入循環 ---114.04_table_254.md,3 行
3.FCM內控CP ---貳、採購及付款循環 ---114.04.md,3.FCM內控CP ---貳、採購及付款循環 ---114.04_table_1.md,3 行
3.FCM內控CP ---貳、採購及付款循環 ---114.04.md,3.FCM內控CP ---貳、採購及付款循環 ---114.04_table_2.md,3 行
3.FCM內控CP ---貳、採購及付款循環 ---114.04.md,3.FCM內控CP ---貳、採購及付款循環 ---114.04_table_3.md,3 行
3.FCM內控CP ---貳、採購及付款循環 ---114.04.md,3.FCM內控CP ---貳、採購及付款循環 ---114.04_table_4.md,3 行
3.FCM內控CP ---貳、採購及付款循環 ---114.04.md,3.FCM內控CP ---貳、採購及付款循環 ---114.04_table_5.md,3 行
4.FCM內控CW---參 、薪工循環---114.04.md,4.FCM內控CW---參 、薪工循環---114.04_table_1.md,3 行
4.FCM內控CW---參 、薪工循環---114.04.md,4.FCM內控CW---參 、薪工循環---114.04_table_2.md,3 行
4.FCM內控CW---參 、薪工循環---114.04.md,4.FCM內控CW---參 、薪工循環---114.04_table_3.md,3 行
4.FCM內控CW---參 、薪工循環---114.04.md,4.FCM內控CW---參 、薪工循環---114.04_table_4.md,3 行
4.FCM內控CW---參 、薪工循環---114.04.md,4.FCM內控CW---參 、薪工循環---114.04_table_5.md,3 行
4.FCM內控CW---參 、薪工循環---114.04.md,4.FCM內控CW---參 、薪工循環---114.04_table_6.md,3 行
4.FCM內控CW---參 、薪工循環---114.04.md,4.FCM內控CW---參 、薪工循環---114.04_table_7.md,3 行
4.FCM內控CW---參 、薪工循環---114.04.md,4.FCM內控CW---參 、薪工循環---114.04_table_8.md,3 行
4.FCM內控CW---參 、薪工循環---114.04.md,4.FCM內控CW---參 、薪工循環---114.04_table_9.md,3 行
4.FCM內控CW---參 、薪工循環---114.04.md,4.FCM內控CW---參 、薪工循環---114.04_table_10.md,3 行
5.FCM內控CR---肆、融資循環---114.04.md,5.FCM內控CR---肆、融資循環---114.04_table_1.md,3 行
5.FCM內控CR---肆、融資循環---114.04.md,5.FCM內控CR---肆、融資循環---114.04_table_2.md,3 行
5.FCM內控CR---肆、融資循環---114.04.md,5.FCM內控CR---肆、融資循環---114.04_table_3.md,3 行
5.FCM內控CR---肆、融資循環---114.04.md,5.FCM內控CR---肆、融資循環---114.04_table_4.md,3 行
5.FCM內控CR---肆、融資循環---114.04.md,5.FCM內控CR---肆、融資循環---114.04_table_5.md,3 行
5.FCM內控CR---肆、融資循環---114.04.md,5.FCM內控CR---肆、融資循環---114.04_table_6.md,3 行
5.FCM內控CR---肆、融資循環---114.04.md,5.FCM內控CR---肆、融資循環---114.04_table_7.md,3 行
5.FCM內控CR---肆、融資循環---114.04.md,5.FCM內控CR---肆、融資循環---114.04_table_8.md,3 行
5.FCM內控CR---肆、融資循環---114.04.md,5.FCM內控CR---肆、融資循環---114.04_table_9.md,3 行
5.FCM內控CR---肆、融資循環---114.04.md,5.FCM內控CR---肆、融資循環---114.04_table_10.md,3 行
5.FCM內控CR---肆、融資循環---114.04.md,5.FCM內控CR---肆、融資循環---114.04_table_11.md,3 行
5.FCM內控CR---肆、融資循環---114.04.md,5.FCM內控CR---肆、融資循環---114.04_table_12.md,3 行
5.FCM內控CR---肆、融資循環---114.04.md,5.FCM內控CR---肆、融資循環---114.04_table_13.md,3 行
5.FCM內控CR---肆、融資循環---114.04.md,5.FCM內控CR---肆、融資循環---114.04_table_14.md,3 行
5.FCM內控CR---肆、融資循環---114.04.md,5.FCM內控CR---肆、融資循環---114.04_table_15.md,3 行
5.FCM內控CR---肆、融資循環---114.04.md,5.FCM內控CR---肆、融資循環---114.04_table_16.md,3 行
6.FCM內控CF---伍、不動產及設備循環---114.04.md,6.FCM內控CF---伍、不動產及設備循環---114.04_table_1.md,3 行
6.FCM內控CF---伍、不動產及設備循環---114.04.md,6.FCM內控CF---伍、不動產及設備循環---114.04_table_2.md,3 行
6.FCM內控CF---伍、不動產及設備循環---114.04.md,6.FCM內控CF---伍、不動產及設備循環---114.04_table_3.md,3 行
6.FCM內控CF---伍、不動產及設備循環---114.04.md,6.FCM內控CF---伍、不動產及設備循環---114.04_table_4.md,3 行
7.FCM內控CI---陸、投資循環---114.04.md,7.FCM內控CI---陸、投資循環---114.04_table_1.md,3 行
7.FCM內控CI---陸、投資循環---114.04.md,7.FCM內控CI---陸、投資循環---114.04_table_2.md,3 行
7.FCM內控CI---陸、投資循環---114.04.md,7.FCM內控CI---陸、投資循環---114.04_table_3.md,3 行
7.FCM內控CI---陸、投資循環---114.04.md,7.FCM內控CI---陸、投資循環---114.04_table_4.md,3 行
7.FCM內控CI---陸、投資循環---114.04.md,7.FCM內控CI---陸、投資循環---114.04_table_5.md,3 行
7.FCM內控CI---陸、投資循環---114.04.md,7.FCM內控CI---陸、投資循環---114.04_table_6.md,3 行
7.FCM內控CI---陸、投資循環---114.04.md,7.FCM內控CI---陸、投資循環---114.04_table_7.md,3 行
7.FCM內控CI---陸、投資循環---114.04.md,7.FCM內控CI---陸、投資循環---114.04_table_8.md,3 行
7.FCM內控CI---陸、投資循環---114.04.md,7.FCM內控CI---陸、投資循環---114.04_table_9.md,3 行
7.FCM內控CI---陸、投資循環---114.04.md,7.FCM內控CI---陸、投資循環---114.04_table_10.md,3 行
7.FCM內控CI---陸、投資循環---114.04.md,7.FCM內控CI---陸、投資循環---114.04_table_11.md,3 行
7.FCM內控CI---陸、投資循環---114.04.md,7.FCM內控CI---陸、投資循環---114.04_table_12.md,3 行
7.FCM內控CI---陸、投資循環---114.04.md,7.FCM內控CI---陸、投資循環---114.04_table_13.md,3 行
7.FCM內控CI---陸、投資循環---114.04.md,7.FCM內控CI---陸、投資循環---114.04_table_14.md,3 行
7.FCM內控CI---陸、投資循環---114.04.md,7.FCM內控CI---陸、投資循環---114.04_table_15.md,3 行
7.FCM內控CI---陸、投資循環---114.04.md,7.FCM內控CI---陸、投資循環---114.04_table_16.md,3 行
7.FCM內控CI---陸、投資循環---114.04.md,7.FCM內控CI---陸、投資循環---114.04_table_17.md,3 行
8.FCM內控CC---柒、電腦作業與資訊提供---114.04.md,8.FCM內控CC---柒、電腦作業與資訊提供---114.04_table_1.md,3 行
8.FCM內控CC---柒、電腦作業與資訊提供---114.04.md,8.FCM內控CC---柒、電腦作業與資訊提供---114.04_table_2.md,3 行
8.FCM內控CC---柒、電腦作業與資訊提供---114.04.md,8.FCM內控CC---柒、電腦作業與資訊提供---114.04_table_3.md,3 行
8.FCM內控CC---柒、電腦作業與資訊提供---114.04.md,8.FCM內控CC---柒、電腦作業與資訊提供---114.04_table_4.md,3 行
8.FCM內控CC---柒、電腦作業與資訊提供---114.04.md,8.FCM內控CC---柒、電腦作業與資訊提供---114.04_table_5.md,3 行
8.FCM內控CC---柒、電腦作業與資訊提供---114.04.md,8.FCM內控CC---柒、電腦作業與資訊提供---114.04_table_6.md,3 行
8.FCM內控CC---柒、電腦作業與資訊提供---114.04.md,8.FCM內控CC---柒、電腦作業與資訊提供---114.04_table_7.md,3 行
8.FCM內控CC---柒、電腦作業與資訊提供---114.04.md,8.FCM內控CC---柒、電腦作業與資訊提供---114.04_table_8.md,3 行
8.FCM內控CC---柒、電腦作業與資訊提供---114.04.md,8.FCM內控CC---柒、電腦作業與資訊提供---114.04_table_9.md,3 行
8.FCM內控CC---柒、電腦作業與資訊提供---114.04.md,8.FCM內控CC---柒、電腦作業與資訊提供---114.04_table_10.md,3 行
8.FCM內控CC---柒、電腦作業與資訊提供---114.04.md,8.FCM內控CC---柒、電腦作業與資訊提供---114.04_table_11.md,3 行
8.FCM內控CC---柒、電腦作業與資訊提供---114.04.md,8.FCM內控CC---柒、電腦作業與資訊提供---114.04_table_12.md,3 行
8.FCM內控CC---柒、電腦作業與資訊提供---114.04.md,8.FCM內控CC---柒、電腦作業與資訊提供---114.04_table_13.md,3 行
8.FCM內控CC---柒、電腦作業與資訊提供---114.04.md,8.FCM內控CC---柒、電腦作業與資訊提供---114.04_table_14.md,3 行
8.FCM內控CC---柒、電腦作業與資訊提供---114.04.md,8.FCM內控CC---柒、電腦作業與資訊提供---114.04_table_15.md,3 行
8.FCM內控CC---柒、電腦作業與資訊提供---114.04.md,8.FCM內控CC---柒、電腦作業與資訊提供---114.04_table_16.md,3 行
8.FCM內控CC---柒、電腦作業與資訊提供---114.04.md,8.FCM內控CC---柒、電腦作業與資訊提供---114.04_table_17.md,3 行
8.FCM內控CC---柒、電腦作業與資訊提供---114.04.md,8.FCM內控CC---柒、電腦作業與資訊提供---114.04_table_18.md,3 行
8.FCM內控CC---柒、電腦作業與資訊提供---114.04.md,8.FCM內控CC---柒、電腦作業與資訊提供---114.04_table_19.md,3 行
8.FCM內控CC---柒、電腦作業與資訊提供---114.04.md,8.FCM內控CC---柒、電腦作業與資訊提供---114.04_table_20.md,3 行
8.FCM內控CC---柒、電腦作業與資訊提供---114.04.md,8.FCM內控CC---柒、電腦作業與資訊提供---114.04_table_21.md,3 行
8.FCM內控CC---柒、電腦作業與資訊提供---114.04.md,8.FCM內控CC---柒、電腦作業與資訊提供---114.04_table_22.md,3 行
8.FCM內控CC---柒、電腦作業與資訊提供---114.04.md,8.FCM內控CC---柒、電腦作業與資訊提供---114.04_table_23.md,3 行
8.FCM內控CC---柒、電腦作業與資訊提供---114.04.md,8.FCM內控CC---柒、電腦作業與資訊提供---114.04_table_24.md,3 行
8.FCM內控CC---柒、電腦作業與資訊提供---114.04.md,8.FCM內控CC---柒、電腦作業與資訊提供---114.04_table_25.md,3 行
8.FCM內控CC---柒、電腦作業與資訊提供---114.04.md,8.FCM內控CC---柒、電腦作業與資訊提供---114.04_table_26.md,3 行
8.FCM內控CC---柒、電腦作業與資訊提供---114.04.md,8.FCM內控CC---柒、電腦作業與資訊提供---114.04_table_27.md,3 行
8.FCM內控CC---柒、電腦作業與資訊提供---114.04.md,8.FCM內控CC---柒、電腦作業與資訊提供---114.04_table_28.md,3 行
8.FCM內控CC---柒、電腦作業與資訊提供---114.04.md,8.FCM內控CC---柒、電腦作業與資訊提供---114.04_table_29.md,3 行
8.FCM內控CC---柒、電腦作業與資訊提供---114.04.md,8.FCM內控CC---柒、電腦作業與資訊提供---114.04_table_30.md,3 行
8.FCM內控CC---柒、電腦作業與資訊提供---114.04.md,8.FCM內控CC---柒、電腦作業與資訊提供---114.04_table_31.md,3 行
8.FCM內控CC---柒、電腦作業與資訊提供---114.04.md,8.FCM內控CC---柒、電腦作業與資訊提供---114.04_table_32.md,3 行
8.FCM內控CC---柒、電腦作業與資訊提供---114.04.md,8.FCM內控CC---柒、電腦作業與資訊提供---114.04_table_33.md,3 行
8.FCM內控CC---柒、電腦作業與資訊提供---114.04.md,8.FCM內控CC---柒、電腦作業與資訊提供---114.04_table_34.md,3 行
8.FCM內控CC---柒、電腦作業與資訊提供---114.04.md,8.FCM內控CC---柒、電腦作業與資訊提供---114.04_table_35.md,3 行
8.FCM內控CC---柒、電腦作業與資訊提供---114.04.md,8.FCM內控CC---柒、電腦作業與資訊提供---114.04_table_36.md,3 行
8.FCM內控CC---柒、電腦作業與資訊提供---114.04.md,8.FCM內控CC---柒、電腦作業與資訊提供---114.04_table_37.md,3 行
8.FCM內控CC---柒、電腦作業與資訊提供---114.04.md,8.FCM內控CC---柒、電腦作業與資訊提供---114.04_table_38.md,3 行
8.FCM內控CC---柒、電腦作業與資訊提供---114.04.md,8.FCM內控CC---柒、電腦作業與資訊提供---114.04_table_39.md,3 行
8.FCM內控CC---柒、電腦作業與資訊提供---114.04.md,8.FCM內控CC---柒、電腦作業與資訊提供---114.04_table_40.md,3 行
8.FCM內控CC---柒、電腦作業與資訊提供---114.04.md,8.FCM內控CC---柒、電腦作業與資訊提供---114.04_table_41.md,3 行
8.FCM內控CC---柒、電腦作業與資訊提供---114.04.md,8.FCM內控CC---柒、電腦作業與資訊提供---114.04_table_42.md,3 行
8.FCM內控CC---柒、電腦作業與資訊提供---114.04.md,8.FCM內控CC---柒、電腦作業與資訊提供---114.04_table_43.md,3 行
8.FCM內控CC---柒、電腦作業與資訊提供---114.04.md,8.FCM內控CC---柒、電腦作業與資訊提供---114.04_table_44.md,3 行
8.FCM內控CC---柒、電腦作業與資訊提供---114.04.md,8.FCM內控CC---柒、電腦作業與資訊提供---114.04_table_45.md,3 行
8.FCM內控CC---柒、電腦作業與資訊提供---114.04.md,8.FCM內控CC---柒、電腦作業與資訊提供---114.04_table_46.md,3 行
8.FCM內控CC---柒、電腦作業與資訊提供---114.04.md,8.FCM內控CC---柒、電腦作業與資訊提供---114.04_table_47.md,3 行
8.FCM內控CC---柒、電腦作業與資訊提供---114.04.md,8.FCM內控CC---柒、電腦作業與資訊提供---114.04_table_48.md,3 行
8.FCM內控CC---柒、電腦作業與資訊提供---114.04.md,8.FCM內控CC---柒、電腦作業與資訊提供---114.04_table_49.md,3 行
8.FCM內控CC---柒、電腦作業與資訊提供---114.04.md,8.FCM內控CC---柒、電腦作業與資訊提供---114.04_table_50.md,3 行
9.FCM內控CM---捌、管理控制制度---114.04.md,9.FCM內控CM---捌、管理控制制度---114.04_table_1.md,3 行
9.FCM內控CM---捌、管理控制制度---114.04.md,9.FCM內控CM---捌、管理控制制度---114.04_table_2.md,3 行
9.FCM內控CM---捌、管理控制制度---114.04.md,9.FCM內控CM---捌、管理控制制度---114.04_table_3.md,3 行
9.FCM內控CM---捌、管理控制制度---114.04.md,9.FCM內控CM---捌、管理控制制度---114.04_table_4.md,3 行
9.FCM內控CM---捌、管理控制制度---114.04.md,9.FCM內控CM---捌、管理控制制度---114.04_table_5.md,3 行
9.FCM內控CM---捌、管理控制制度---114.04.md,9.FCM內控CM---捌、管理控制制度---114.04_table_6.md,3 行
9.FCM內控CM---捌、管理控制制度---114.04.md,9.FCM內控CM---捌、管理控制制度---114.04_table_7.md,3 行
9.FCM內控CM---捌、管理控制制度---114.04.md,9.FCM內控CM---捌、管理控制制度---114.04_table_8.md,3 行
9.FCM內控CM---捌、管理控制制度---114.04.md,9.FCM內控CM---捌、管理控制制度---114.04_table_9.md,3 行
9.FCM內控CM---捌、管理控制制度---114.04.md,9.FCM內控CM---捌、管理控制制度---114.04_table_10.md,3 行
9.FCM內控CM---捌、管理控制制度---114.04.md,9.FCM內控CM---捌、管理控制制度---114.04_table_11.md,3 行
9.FCM內控CM---捌、管理控制制度---114.04.md,9.FCM內控CM---捌、管理控制制度---114.04_table_12.md,3 行
9.FCM內控CM---捌、管理控制制度---114.04.md,9.FCM內控CM---捌、管理控制制度---114.04_table_13.md,3 行
9.FCM內控CM---捌、管理控制制度---114.04.md,9.FCM內控CM---捌、管理控制制度---114.04_table_14.md,3 行
9.FCM內控CM---捌、管理控制制度---114.04.md,9.FCM內控CM---捌、管理控制制度---114.04_table_15.md,3 行
9.FCM內控CM---捌、管理控制制度---114.04.md,9.FCM內控CM---捌、管理控制制度---114.04_table_16.md,3 行
9.FCM內控CM---捌、管理控制制度---114.04.md,9.FCM內控CM---捌、管理控制制度---114.04_table_17.md,3 行
9.FCM內控CM---捌、管理控制制度---114.04.md,9.FCM內控CM---捌、管理控制制度---114.04_table_18.md,3 行
9.FCM內控CM---捌、管理控制制度---114.04.md,9.FCM內控CM---捌、管理控制制度---114.04_table_19.md,3 行
9.FCM內控CM---捌、管理控制制度---114.04.md,9.FCM內控CM---捌、管理控制制度---114.04_table_20.md,3 行
9.FCM內控CM---捌、管理控制制度---114.04.md,9.FCM內控CM---捌、管理控制制度---114.04_table_21.md,3 行
9.FCM內控CM---捌、管理控制制度---114.04.md,9.FCM內控CM---捌、管理控制制度---114.04_table_22.md,3 行
9.FCM內控CM---捌、管理控制制度---114.04.md,9.FCM內控CM---捌、管理控制制度---114.04_table_23.md,3 行
9.FCM內控CM---捌、管理控制制度---114.04.md,9.FCM內控CM---捌、管理控制制度---114.04_table_24.md,3 行
9.FCM內控CM---捌、管理控制制度---114.04.md,9.FCM內控CM---捌、管理控制制度---114.04_table_25.md,3 行
9.FCM內控CM---捌、管理控制制度---114.04.md,9.FCM內控CM---捌、管理控制制度---114.04_table_26.md,3 行
9.FCM內控CM---捌、管理控制制度---114.04.md,9.FCM內控CM---捌、管理控制制度---114.04_table_27.md,3 行
9.FCM內控CM---捌、管理控制制度---114.04.md,9.FCM內控CM---捌、管理控制制度---114.04_table_28.md,3 行
9.FCM內控CM---捌、管理控制制度---114.04.md,9.FCM內控CM---捌、管理控制制度---114.04_table_29.md,3 行
9.FCM內控CM---捌、管理控制制度---114.04.md,9.FCM內控CM---捌、管理控制制度---114.04_table_30.md,3 行
9.FCM內控CM---捌、管理控制制度---114.04.md,9.FCM內控CM---捌、管理控制制度---114.04_table_31.md,3 行
9.FCM內控CM---捌、管理控制制度---114.04.md,9.FCM內控CM---捌、管理控制制度---114.04_table_32.md,3 行
9.FCM內控CM---捌、管理控制制度---114.04.md,9.FCM內控CM---捌、管理控制制度---114.04_table_33.md,3 行
9.FCM內控CM---捌、管理控制制度---114.04.md,9.FCM內控CM---捌、管理控制制度---114.04_table_34.md,3 行
9.FCM內控CM---捌、管理控制制度---114.04.md,9.FCM內控CM---捌、管理控制制度---114.04_table_35.md,3 行
9.FCM內控CM---捌、管理控制制度---114.04.md,9.FCM內控CM---捌、管理控制制度---114.04_table_36.md,3 行
9.FCM內控CM---捌、管理控制制度---114.04.md,9.FCM內控CM---捌、管理控制制度---114.04_table_37.md,3 行
9.FCM內控CM---捌、管理控制制度---114.04.md,9.FCM內控CM---捌、管理控制制度---114.04_table_38.md,3 行
9.FCM內控CM---捌、管理控制制度---114.04.md,9.FCM內控CM---捌、管理控制制度---114.04_table_39.md,3 行
9.FCM內控CM---捌、管理控制制度---114.04.md,9.FCM內控CM---捌、管理控制制度---114.04_table_40.md,3 行
9.FCM內控CM---捌、管理控制制度---114.04.md,9.FCM內控CM---捌、管理控制制度---114.04_table_41.md,3 行
9.FCM內控CM---捌、管理控制制度---114.04.md,9.FCM內控CM---捌、管理控制制度---114.04_table_42.md,3 行
9.FCM內控CM---捌、管理控制制度---114.04.md,9.FCM內控CM---捌、管理控制制度---114.04_table_43.md,3 行
9.FCM內控CM---捌、管理控制制度---114.04.md,9.FCM內控CM---捌、管理控制制度---114.04_table_44.md,3 行
9.FCM內控CM---捌、管理控制制度---114.04.md,9.FCM內控CM---捌、管理控制制度---114.04_table_45.md,3 行
9.FCM內控CM---捌、管理控制制度---114.04.md,9.FCM內控CM---捌、管理控制制度---114.04_table_46.md,3 行
9.FCM內控CM---捌、管理控制制度---114.04.md,9.FCM內控CM---捌、管理控制制度---114.04_table_47.md,3 行
9.FCM內控CM---捌、管理控制制度---114.04.md,9.FCM內控CM---捌、管理控制制度---114.04_table_48.md,3 行
9.FCM內控CM---捌、管理控制制度---114.04.md,9.FCM內控CM---捌、管理控制制度---114.04_table_49.md,3 行
「新興科技資通安全自律規範」完整條文-114.05.md,「新興科技資通安全自律規範」完整條文-114.05_table_1.md,9 行
「新興科技資通安全自律規範」完整條文-114.05.md,「新興科技資通安全自律規範」完整條文-114.05_table_2.md,11 行
「新興科技資通安全自律規範」完整條文-114.05.md,「新興科技資通安全自律規範」完整條文-114.05_table_3.md,11 行
「新興科技資通安全自律規範」完整條文-114.05.md,「新興科技資通安全自律規範」完整條文-114.05_table_4.md,12 行
「新興科技資通安全自律規範」完整條文-114.05.md,「新興科技資通安全自律規範」完整條文-114.05_table_5.md,8 行
「新興科技資通安全自律規範」完整條文-114.05.md,「新興科技資通安全自律規範」完整條文-114.05_table_6.md,11 行
「新興科技資通安全自律規範」完整條文-114.05.md,「新興科技資通安全自律規範」完整條文-114.05_table_7.md,8 行
「期貨業資通系統與服務供應鏈風險管理自律規範」完整條文.md,「期貨業資通系統與服務供應鏈風險管理自律規範」完整條文_table_1.md,18 行
「期貨業資通系統與服務供應鏈風險管理自律規範」完整條文.md,「期貨業資通系統與服務供應鏈風險管理自律規範」完整條文_table_2.md,18 行
「期貨業資通系統與服務供應鏈風險管理自律規範」完整條文.md,「期貨業資通系統與服務供應鏈風險管理自律規範」完整條文_table_3.md,13 行
保險業經營電子商務自律規範全條文(114.11.10金管保綜字第1140433678號).md,保險業經營電子商務自律規範全條文(114.11.10金管保綜字第1140433678號)_table_1.md,28 行
保險業經營電子商務自律規範全條文(114.11.10金管保綜字第1140433678號).md,保險業經營電子商務自律規範全條文(114.11.10金管保綜字第1140433678號)_table_2.md,31 行
保險業經營電子商務自律規範全條文(114.11.10金管保綜字第1140433678號).md,保險業經營電子商務自律規範全條文(114.11.10金管保綜字第1140433678號)_table_3.md,27 行
保險業經營電子商務自律規範全條文(114.11.10金管保綜字第1140433678號).md,保險業經營電子商務自律規範全條文(114.11.10金管保綜字第1140433678號)_table_4.md,43 行
保險業經營電子商務自律規範全條文(114.11.10金管保綜字第1140433678號).md,保險業經營電子商務自律規範全條文(114.11.10金管保綜字第1140433678號)_table_5.md,18 行
保險業經營電子商務自律規範全條文(114.11.10金管保綜字第1140433678號).md,保險業經營電子商務自律規範全條文(114.11.10金管保綜字第1140433678號)_table_6.md,11 行
保險業經營電子商務自律規範全條文(114.11.10金管保綜字第1140433678號).md,保險業經營電子商務自律規範全條文(114.11.10金管保綜字第1140433678號)_table_7.md,14 行
保險業辦理資訊安全防護自律規範(113.07.18金管保綜字第1130138369號 ).md,保險業辦理資訊安全防護自律規範(113.07.18金管保綜字第1130138369號 )_table_1.md,5 行
保險業辦理資訊安全防護自律規範(113.07.18金管保綜字第1130138369號 ).md,保險業辦理資訊安全防護自律規範(113.07.18金管保綜字第1130138369號 )_table_2.md,3 行
保險業辦理資訊安全防護自律規範(113.07.18金管保綜字第1130138369號 ).md,保險業辦理資訊安全防護自律規範(113.07.18金管保綜字第1130138369號 )_table_3.md,5 行
保險業辦理資訊安全防護自律規範-2.md,保險業辦理資訊安全防護自律規範-2_table_1.md,5 行
期貨商作業委託他人處理應注意事項逐點說明.md,期貨商作業委託他人處理應注意事項逐點說明_table_1.md,5 行
期貨商作業委託他人處理應注意事項逐點說明.md,期貨商作業委託他人處理應注意事項逐點說明_table_2.md,3 行
期貨商作業委託他人處理應注意事項逐點說明.md,期貨商作業委託他人處理應注意事項逐點說明_table_3.md,3 行
期貨商作業委託他人處理應注意事項逐點說明.md,期貨商作業委託他人處理應注意事項逐點說明_table_4.md,3 行
期貨商作業委託他人處理應注意事項逐點說明.md,期貨商作業委託他人處理應注意事項逐點說明_table_5.md,4 行
期貨商作業委託他人處理應注意事項逐點說明.md,期貨商作業委託他人處理應注意事項逐點說明_table_6.md,3 行
期貨商作業委託他人處理應注意事項逐點說明.md,期貨商作業委託他人處理應注意事項逐點說明_table_7.md,3 行
期貨商作業委託他人處理應注意事項逐點說明.md,期貨商作業委託他人處理應注意事項逐點說明_table_8.md,3 行
期貨商作業委託他人處理應注意事項逐點說明.md,期貨商作業委託他人處理應注意事項逐點說明_table_9.md,3 行
期貨商作業委託他人處理應注意事項逐點說明.md,期貨商作業委託他人處理應注意事項逐點說明_table_10.md,3 行
期貨商作業委託他人處理應注意事項逐點說明.md,期貨商作業委託他人處理應注意事項逐點說明_table_11.md,5 行
期貨商作業委託他人處理應注意事項逐點說明.md,期貨商作業委託他人處理應注意事項逐點說明_table_12.md,3 行
發函附件：網路安全防護自律規範111.12.23.md,發函附件：網路安全防護自律規範111.12.23_table_1.md,4 行
發函附件：資通系統安全防護基準自律規範111.12.23.md,發函附件：資通系統安全防護基準自律規範111.12.23_table_1.md,6 行
財團法人中華民國證券櫃檯買賣中心證券商經營自行買賣具證券性質之虛擬通貨業務管理辦法1090120.md,財團法人中華民國證券櫃檯買賣中心證券商經營自行買賣具證券性質之虛擬通貨業務管理辦法1090120_table_1.md,5 行
財團法人中華民國證券櫃檯買賣中心證券商經營自行買賣具證券性質之虛擬通貨業務管理辦法1090120.md,財團法人中華民國證券櫃檯買賣中心證券商經營自行買賣具證券性質之虛擬通貨業務管理辦法1090120_table_2.md,3 行
財團法人中華民國證券櫃檯買賣中心證券商經營自行買賣具證券性質之虛擬通貨業務管理辦法1090120.md,財團法人中華民國證券櫃檯買賣中心證券商經營自行買賣具證券性質之虛擬通貨業務管理辦法1090120_table_3.md,5 行
財團法人中華民國證券櫃檯買賣中心證券商經營自行買賣具證券性質之虛擬通貨業務管理辦法1090120.md,財團法人中華民國證券櫃檯買賣中心證券商經營自行買賣具證券性質之虛擬通貨業務管理辦法1090120_table_4.md,6 行
財團法人中華民國證券櫃檯買賣中心證券商經營自行買賣具證券性質之虛擬通貨業務管理辦法1090120.md,財團法人中華民國證券櫃檯買賣中心證券商經營自行買賣具證券性質之虛擬通貨業務管理辦法1090120_table_5.md,4 行
財團法人中華民國證券櫃檯買賣中心證券商經營自行買賣具證券性質之虛擬通貨業務管理辦法1090120.md,財團法人中華民國證券櫃檯買賣中心證券商經營自行買賣具證券性質之虛擬通貨業務管理辦法1090120_table_6.md,5 行
財團法人中華民國證券櫃檯買賣中心證券商經營自行買賣具證券性質之虛擬通貨業務管理辦法1090120.md,財團法人中華民國證券櫃檯買賣中心證券商經營自行買賣具證券性質之虛擬通貨業務管理辦法1090120_table_7.md,8 行
財團法人中華民國證券櫃檯買賣中心證券商經營自行買賣具證券性質之虛擬通貨業務管理辦法1090120.md,財團法人中華民國證券櫃檯買賣中心證券商經營自行買賣具證券性質之虛擬通貨業務管理辦法1090120_table_8.md,6 行
財團法人中華民國證券櫃檯買賣中心證券商經營自行買賣具證券性質之虛擬通貨業務管理辦法1090120.md,財團法人中華民國證券櫃檯買賣中心證券商經營自行買賣具證券性質之虛擬通貨業務管理辦法1090120_table_9.md,6 行
財團法人中華民國證券櫃檯買賣中心證券商經營自行買賣具證券性質之虛擬通貨業務管理辦法1090120.md,財團法人中華民國證券櫃檯買賣中心證券商經營自行買賣具證券性質之虛擬通貨業務管理辦法1090120_table_10.md,6 行
財團法人中華民國證券櫃檯買賣中心證券商經營自行買賣具證券性質之虛擬通貨業務管理辦法1090120.md,財團法人中華民國證券櫃檯買賣中心證券商經營自行買賣具證券性質之虛擬通貨業務管理辦法1090120_table_11.md,5 行
財團法人中華民國證券櫃檯買賣中心證券商經營自行買賣具證券性質之虛擬通貨業務管理辦法1090120.md,財團法人中華民國證券櫃檯買賣中心證券商經營自行買賣具證券性質之虛擬通貨業務管理辦法1090120_table_12.md,4 行
財團法人中華民國證券櫃檯買賣中心證券商經營自行買賣具證券性質之虛擬通貨業務管理辦法1090120.md,財團法人中華民國證券櫃檯買賣中心證券商經營自行買賣具證券性質之虛擬通貨業務管理辦法1090120_table_13.md,6 行
財團法人中華民國證券櫃檯買賣中心證券商經營自行買賣具證券性質之虛擬通貨業務管理辦法1090120.md,財團法人中華民國證券櫃檯買賣中心證券商經營自行買賣具證券性質之虛擬通貨業務管理辦法1090120_table_14.md,5 行
財團法人中華民國證券櫃檯買賣中心證券商經營自行買賣具證券性質之虛擬通貨業務管理辦法1090120.md,財團法人中華民國證券櫃檯買賣中心證券商經營自行買賣具證券性質之虛擬通貨業務管理辦法1090120_table_15.md,7 行
財團法人中華民國證券櫃檯買賣中心證券商經營自行買賣具證券性質之虛擬通貨業務管理辦法1090120.md,財團法人中華民國證券櫃檯買賣中心證券商經營自行買賣具證券性質之虛擬通貨業務管理辦法1090120_table_16.md,4 行
財團法人中華民國證券櫃檯買賣中心證券商經營自行買賣具證券性質之虛擬通貨業務管理辦法1090120.md,財團法人中華民國證券櫃檯買賣中心證券商經營自行買賣具證券性質之虛擬通貨業務管理辦法1090120_table_17.md,4 行
財團法人中華民國證券櫃檯買賣中心證券商經營自行買賣具證券性質之虛擬通貨業務管理辦法1090120.md,財團法人中華民國證券櫃檯買賣中心證券商經營自行買賣具證券性質之虛擬通貨業務管理辦法1090120_table_18.md,4 行
財團法人中華民國證券櫃檯買賣中心證券商經營自行買賣具證券性質之虛擬通貨業務管理辦法1090120.md,財團法人中華民國證券櫃檯買賣中心證券商經營自行買賣具證券性質之虛擬通貨業務管理辦法1090120_table_19.md,3 行
財團法人中華民國證券櫃檯買賣中心證券商經營自行買賣具證券性質之虛擬通貨業務管理辦法1090120.md,財團法人中華民國證券櫃檯買賣中心證券商經營自行買賣具證券性質之虛擬通貨業務管理辦法1090120_table_20.md,5 行
財團法人中華民國證券櫃檯買賣中心證券商經營自行買賣具證券性質之虛擬通貨業務管理辦法1090120.md,財團法人中華民國證券櫃檯買賣中心證券商經營自行買賣具證券性質之虛擬通貨業務管理辦法1090120_table_21.md,4 行
財團法人中華民國證券櫃檯買賣中心證券商經營自行買賣具證券性質之虛擬通貨業務管理辦法1090120.md,財團法人中華民國證券櫃檯買賣中心證券商經營自行買賣具證券性質之虛擬通貨業務管理辦法1090120_table_22.md,5 行
財團法人中華民國證券櫃檯買賣中心證券商經營自行買賣具證券性質之虛擬通貨業務管理辦法1090120.md,財團法人中華民國證券櫃檯買賣中心證券商經營自行買賣具證券性質之虛擬通貨業務管理辦法1090120_table_23.md,5 行
財團法人中華民國證券櫃檯買賣中心證券商經營自行買賣具證券性質之虛擬通貨業務管理辦法1090120.md,財團法人中華民國證券櫃檯買賣中心證券商經營自行買賣具證券性質之虛擬通貨業務管理辦法1090120_table_24.md,7 行
財團法人中華民國證券櫃檯買賣中心證券商經營自行買賣具證券性質之虛擬通貨業務管理辦法1090120.md,財團法人中華民國證券櫃檯買賣中心證券商經營自行買賣具證券性質之虛擬通貨業務管理辦法1090120_table_25.md,4 行
財團法人中華民國證券櫃檯買賣中心證券商經營自行買賣具證券性質之虛擬通貨業務管理辦法1090120.md,財團法人中華民國證券櫃檯買賣中心證券商經營自行買賣具證券性質之虛擬通貨業務管理辦法1090120_table_26.md,9 行
財團法人中華民國證券櫃檯買賣中心證券商經營自行買賣具證券性質之虛擬通貨業務管理辦法1090120.md,財團法人中華民國證券櫃檯買賣中心證券商經營自行買賣具證券性質之虛擬通貨業務管理辦法1090120_table_27.md,4 行
財團法人中華民國證券櫃檯買賣中心證券商經營自行買賣具證券性質之虛擬通貨業務管理辦法1090120.md,財團法人中華民國證券櫃檯買賣中心證券商經營自行買賣具證券性質之虛擬通貨業務管理辦法1090120_table_28.md,5 行
財團法人中華民國證券櫃檯買賣中心證券商經營自行買賣具證券性質之虛擬通貨業務管理辦法1090120.md,財團法人中華民國證券櫃檯買賣中心證券商經營自行買賣具證券性質之虛擬通貨業務管理辦法1090120_table_29.md,6 行
金融機構資訊系統安全基準.md,金融機構資訊系統安全基準_table_1.md,25 行
金融機構資訊系統安全基準.md,金融機構資訊系統安全基準_table_2.md,29 行
金融機構資訊系統安全基準.md,金融機構資訊系統安全基準_table_3.md,29 行
金融機構資訊系統安全基準.md,金融機構資訊系統安全基準_table_4.md,20 行
金融機構資訊系統安全基準.md,金融機構資訊系統安全基準_table_5.md,27 行
金融機構資訊系統安全基準.md,金融機構資訊系統安全基準_table_6.md,27 行
金融機構資訊系統安全基準.md,金融機構資訊系統安全基準_table_7.md,11 行
金融機構資訊系統安全基準.md,金融機構資訊系統安全基準_table_8.md,5 行
金融機構資訊系統安全基準.md,金融機構資訊系統安全基準_table_9.md,29 行
金融機構資訊系統安全基準.md,金融機構資訊系統安全基準_table_10.md,30 行
金融機構資訊系統安全基準.md,金融機構資訊系統安全基準_table_11.md,7 行
金融機構資訊系統安全基準.md,金融機構資訊系統安全基準_table_12.md,28 行
金融機構資訊系統安全基準.md,金融機構資訊系統安全基準_table_13.md,29 行
金融機構資訊系統安全基準.md,金融機構資訊系統安全基準_table_14.md,19 行
金融機構資訊系統安全基準.md,金融機構資訊系統安全基準_table_15.md,25 行
金融機構資訊系統安全基準.md,金融機構資訊系統安全基準_table_16.md,11 行
金融機構資訊系統安全基準.md,金融機構資訊系統安全基準_table_17.md,28 行
金融機構資訊系統安全基準.md,金融機構資訊系統安全基準_table_18.md,8 行
金融機構資訊系統安全基準.md,金融機構資訊系統安全基準_table_19.md,25 行
金融機構資訊系統安全基準.md,金融機構資訊系統安全基準_table_20.md,29 行
金融機構資訊系統安全基準.md,金融機構資訊系統安全基準_table_21.md,29 行
金融機構資訊系統安全基準.md,金融機構資訊系統安全基準_table_22.md,20 行
金融機構資訊系統安全基準.md,金融機構資訊系統安全基準_table_23.md,27 行
金融機構資訊系統安全基準.md,金融機構資訊系統安全基準_table_24.md,27 行
金融機構資訊系統安全基準.md,金融機構資訊系統安全基準_table_25.md,11 行
金融機構資訊系統安全基準.md,金融機構資訊系統安全基準_table_26.md,5 行
金融機構資訊系統安全基準.md,金融機構資訊系統安全基準_table_27.md,29 行
金融機構資訊系統安全基準.md,金融機構資訊系統安全基準_table_28.md,30 行
金融機構資訊系統安全基準.md,金融機構資訊系統安全基準_table_29.md,7 行
金融機構資訊系統安全基準.md,金融機構資訊系統安全基準_table_30.md,28 行
金融機構資訊系統安全基準.md,金融機構資訊系統安全基準_table_31.md,29 行
金融機構資訊系統安全基準.md,金融機構資訊系統安全基準_table_32.md,19 行
金融機構資訊系統安全基準.md,金融機構資訊系統安全基準_table_33.md,25 行
金融機構資訊系統安全基準.md,金融機構資訊系統安全基準_table_34.md,11 行
金融機構資訊系統安全基準.md,金融機構資訊系統安全基準_table_35.md,28 行
金融機構資訊系統安全基準.md,金融機構資訊系統安全基準_table_36.md,8 行
金融機構資訊系統安全基準.md,金融機構資訊系統安全基準_table_37.md,3 行
金融機構資訊系統安全基準.md,金融機構資訊系統安全基準_table_38.md,4 行
金融機構資訊系統安全基準.md,金融機構資訊系統安全基準_table_39.md,2 行
金融機構資訊系統安全基準.md,金融機構資訊系統安全基準_table_40.md,5 行
金融機構資訊系統安全基準.md,金融機構資訊系統安全基準_table_41.md,3 行
金融機構資訊系統安全基準.md,金融機構資訊系統安全基準_table_42.md,4 行
金融機構資訊系統安全基準.md,金融機構資訊系統安全基準_table_43.md,2 行
金融機構資訊系統安全基準.md,金融機構資訊系統安全基準_table_44.md,3 行
金融機構資訊系統安全基準.md,金融機構資訊系統安全基準_table_45.md,4 行
金融機構資訊系統安全基準.md,金融機構資訊系統安全基準_table_46.md,2 行
金融機構資訊系統安全基準.md,金融機構資訊系統安全基準_table_47.md,3 行
金融機構資訊系統安全基準.md,金融機構資訊系統安全基準_table_48.md,4 行
金融機構資訊系統安全基準.md,金融機構資訊系統安全基準_table_49.md,2 行
金融機構資訊系統安全基準.md,金融機構資訊系統安全基準_table_50.md,3 行
金融機構資訊系統安全基準.md,金融機構資訊系統安全基準_table_51.md,4 行
金融機構資訊系統安全基準.md,金融機構資訊系統安全基準_table_52.md,2 行
金融機構資訊系統安全基準.md,金融機構資訊系統安全基準_table_53.md,3 行
金融機構資訊系統安全基準.md,金融機構資訊系統安全基準_table_54.md,4 行
金融機構資訊系統安全基準.md,金融機構資訊系統安全基準_table_55.md,2 行
金融機構資訊系統安全基準.md,金融機構資訊系統安全基準_table_56.md,3 行
金融機構資訊系統安全基準.md,金融機構資訊系統安全基準_table_57.md,4 行
金融機構資訊系統安全基準.md,金融機構資訊系統安全基準_table_58.md,2 行
金融機構資訊系統安全基準.md,金融機構資訊系統安全基準_table_59.md,3 行
金融機構資訊系統安全基準.md,金融機構資訊系統安全基準_table_60.md,4 行
金融機構資訊系統安全基準.md,金融機構資訊系統安全基準_table_61.md,2 行
金融機構資訊系統安全基準.md,金融機構資訊系統安全基準_table_62.md,3 行
金融機構資訊系統安全基準.md,金融機構資訊系統安全基準_table_63.md,4 行
金融機構資訊系統安全基準.md,金融機構資訊系統安全基準_table_64.md,2 行
金融機構資訊系統安全基準.md,金融機構資訊系統安全基準_table_65.md,3 行
金融機構資訊系統安全基準.md,金融機構資訊系統安全基準_table_66.md,4 行
金融機構資訊系統安全基準.md,金融機構資訊系統安全基準_table_67.md,2 行
金融機構資訊系統安全基準.md,金融機構資訊系統安全基準_table_68.md,3 行
金融機構資訊系統安全基準.md,金融機構資訊系統安全基準_table_69.md,4 行
金融機構資訊系統安全基準.md,金融機構資訊系統安全基準_table_70.md,2 行
金融機構資訊系統安全基準.md,金融機構資訊系統安全基準_table_71.md,3 行
金融機構資訊系統安全基準.md,金融機構資訊系統安全基準_table_72.md,4 行
金融機構資訊系統安全基準.md,金融機構資訊系統安全基準_table_73.md,2 行
金融機構資訊系統安全基準.md,金融機構資訊系統安全基準_table_74.md,3 行
金融機構資訊系統安全基準.md,金融機構資訊系統安全基準_table_75.md,4 行
金融機構資訊系統安全基準.md,金融機構資訊系統安全基準_table_76.md,2 行
金融機構資訊系統安全基準.md,金融機構資訊系統安全基準_table_77.md,3 行
金融機構資訊系統安全基準.md,金融機構資訊系統安全基準_table_78.md,4 行
金融機構資訊系統安全基準.md,金融機構資訊系統安全基準_table_79.md,2 行
金融機構資訊系統安全基準.md,金融機構資訊系統安全基準_table_80.md,3 行
金融機構資訊系統安全基準.md,金融機構資訊系統安全基準_table_81.md,4 行
金融機構資訊系統安全基準.md,金融機構資訊系統安全基準_table_82.md,2 行
金融機構資訊系統安全基準.md,金融機構資訊系統安全基準_table_83.md,3 行
金融機構資訊系統安全基準.md,金融機構資訊系統安全基準_table_84.md,4 行
金融機構資訊系統安全基準.md,金融機構資訊系統安全基準_table_85.md,2 行
金融機構資訊系統安全基準.md,金融機構資訊系統安全基準_table_86.md,3 行
金融機構資訊系統安全基準.md,金融機構資訊系統安全基準_table_87.md,4 行
金融機構資訊系統安全基準.md,金融機構資訊系統安全基準_table_88.md,2 行
金融機構資訊系統安全基準.md,金融機構資訊系統安全基準_table_89.md,3 行
金融機構資訊系統安全基準.md,金融機構資訊系統安全基準_table_90.md,4 行
金融機構資訊系統安全基準.md,金融機構資訊系統安全基準_table_91.md,2 行
金融機構資訊系統安全基準.md,金融機構資訊系統安全基準_table_92.md,3 行
金融機構資訊系統安全基準.md,金融機構資訊系統安全基準_table_93.md,4 行
金融機構資訊系統安全基準.md,金融機構資訊系統安全基準_table_94.md,2 行
金融機構資訊系統安全基準.md,金融機構資訊系統安全基準_table_95.md,3 行
金融機構資訊系統安全基準.md,金融機構資訊系統安全基準_table_96.md,4 行
金融機構資訊系統安全基準.md,金融機構資訊系統安全基準_table_97.md,2 行
金融機構資訊系統安全基準.md,金融機構資訊系統安全基準_table_98.md,3 行
金融機構資訊系統安全基準.md,金融機構資訊系統安全基準_table_99.md,4 行
金融機構資訊系統安全基準.md,金融機構資訊系統安全基準_table_100.md,2 行
金融機構資訊系統安全基準.md,金融機構資訊系統安全基準_table_101.md,3 行
金融機構資訊系統安全基準.md,金融機構資訊系統安全基準_table_102.md,4 行
金融機構資訊系統安全基準.md,金融機構資訊系統安全基準_table_103.md,2 行
金融機構資訊系統安全基準.md,金融機構資訊系統安全基準_table_104.md,3 行
金融機構資訊系統安全基準.md,金融機構資訊系統安全基準_table_105.md,4 行
金融機構資訊系統安全基準.md,金融機構資訊系統安全基準_table_106.md,2 行
金融機構資訊系統安全基準.md,金融機構資訊系統安全基準_table_107.md,3 行
金融機構資訊系統安全基準.md,金融機構資訊系統安全基準_table_108.md,4 行
金融機構資訊系統安全基準.md,金融機構資訊系統安全基準_table_109.md,2 行
金融機構資訊系統安全基準.md,金融機構資訊系統安全基準_table_110.md,3 行
金融機構資訊系統安全基準.md,金融機構資訊系統安全基準_table_111.md,4 行
金融機構資訊系統安全基準.md,金融機構資訊系統安全基準_table_112.md,2 行
金融機構資訊系統安全基準.md,金融機構資訊系統安全基準_table_113.md,3 行
金融機構資訊系統安全基準.md,金融機構資訊系統安全基準_table_114.md,4 行
金融機構資訊系統安全基準.md,金融機構資訊系統安全基準_table_115.md,2 行
金融機構資訊系統安全基準.md,金融機構資訊系統安全基準_table_116.md,3 行
金融機構資訊系統安全基準.md,金融機構資訊系統安全基準_table_117.md,4 行
金融機構資訊系統安全基準.md,金融機構資訊系統安全基準_table_118.md,2 行
金融機構資訊系統安全基準.md,金融機構資訊系統安全基準_table_119.md,3 行
金融機構資訊系統安全基準.md,金融機構資訊系統安全基準_table_120.md,4 行
金融機構資訊系統安全基準.md,金融機構資訊系統安全基準_table_121.md,2 行
金融機構資訊系統安全基準.md,金融機構資訊系統安全基準_table_122.md,3 行
金融機構資訊系統安全基準.md,金融機構資訊系統安全基準_table_123.md,4 行
金融機構資訊系統安全基準.md,金融機構資訊系統安全基準_table_124.md,2 行
金融機構資訊系統安全基準.md,金融機構資訊系統安全基準_table_125.md,3 行
金融機構資訊系統安全基準.md,金融機構資訊系統安全基準_table_126.md,4 行
金融機構資訊系統安全基準.md,金融機構資訊系統安全基準_table_127.md,2 行
金融機構資訊系統安全基準.md,金融機構資訊系統安全基準_table_128.md,8 行
金融機構資訊系統安全基準.md,金融機構資訊系統安全基準_table_129.md,3 行
金融機構資訊系統安全基準.md,金融機構資訊系統安全基準_table_130.md,4 行
金融機構資訊系統安全基準.md,金融機構資訊系統安全基準_table_131.md,2 行
金融機構資訊系統安全基準.md,金融機構資訊系統安全基準_table_132.md,3 行
金融機構資訊系統安全基準.md,金融機構資訊系統安全基準_table_133.md,4 行
金融機構資訊系統安全基準.md,金融機構資訊系統安全基準_table_134.md,2 行
金融機構資訊系統安全基準.md,金融機構資訊系統安全基準_table_135.md,3 行
金融機構資訊系統安全基準.md,金融機構資訊系統安全基準_table_136.md,4 行
金融機構資訊系統安全基準.md,金融機構資訊系統安全基準_table_137.md,2 行
金融機構資訊系統安全基準.md,金融機構資訊系統安全基準_table_138.md,3 行
金融機構資訊系統安全基準.md,金融機構資訊系統安全基準_table_139.md,4 行
金融機構資訊系統安全基準.md,金融機構資訊系統安全基準_table_140.md,2 行
金融機構資訊系統安全基準.md,金融機構資訊系統安全基準_table_141.md,3 行
金融機構資訊系統安全基準.md,金融機構資訊系統安全基準_table_142.md,4 行
金融機構資訊系統安全基準.md,金融機構資訊系統安全基準_table_143.md,2 行
金融機構資訊系統安全基準.md,金融機構資訊系統安全基準_table_144.md,3 行
金融機構資訊系統安全基準.md,金融機構資訊系統安全基準_table_145.md,4 行
金融機構資訊系統安全基準.md,金融機構資訊系統安全基準_table_146.md,2 行
金融機構資訊系統安全基準.md,金融機構資訊系統安全基準_table_147.md,3 行
金融機構資訊系統安全基準.md,金融機構資訊系統安全基準_table_148.md,4 行
金融機構資訊系統安全基準.md,金融機構資訊系統安全基準_table_149.md,2 行
金融機構資訊系統安全基準.md,金融機構資訊系統安全基準_table_150.md,3 行
金融機構資訊系統安全基準.md,金融機構資訊系統安全基準_table_151.md,4 行
金融機構資訊系統安全基準.md,金融機構資訊系統安全基準_table_152.md,2 行
金融機構資訊系統安全基準.md,金融機構資訊系統安全基準_table_153.md,3 行
金融機構資訊系統安全基準.md,金融機構資訊系統安全基準_table_154.md,4 行
金融機構資訊系統安全基準.md,金融機構資訊系統安全基準_table_155.md,2 行
金融機構資訊系統安全基準.md,金融機構資訊系統安全基準_table_156.md,3 行
金融機構資訊系統安全基準.md,金融機構資訊系統安全基準_table_157.md,4 行
金融機構資訊系統安全基準.md,金融機構資訊系統安全基準_table_158.md,2 行
金融機構資訊系統安全基準.md,金融機構資訊系統安全基準_table_159.md,3 行
金融機構資訊系統安全基準.md,金融機構資訊系統安全基準_table_160.md,4 行
金融機構資訊系統安全基準.md,金融機構資訊系統安全基準_table_161.md,2 行
金融機構資訊系統安全基準.md,金融機構資訊系統安全基準_table_162.md,3 行
金融機構資訊系統安全基準.md,金融機構資訊系統安全基準_table_163.md,4 行
金融機構資訊系統安全基準.md,金融機構資訊系統安全基準_table_164.md,2 行
金融機構資訊系統安全基準.md,金融機構資訊系統安全基準_table_165.md,3 行
金融機構資訊系統安全基準.md,金融機構資訊系統安全基準_table_166.md,4 行
金融機構資訊系統安全基準.md,金融機構資訊系統安全基準_table_167.md,2 行
金融機構資訊系統安全基準.md,金融機構資訊系統安全基準_table_168.md,3 行
金融機構資訊系統安全基準.md,金融機構資訊系統安全基準_table_169.md,4 行
金融機構資訊系統安全基準.md,金融機構資訊系統安全基準_table_170.md,2 行
金融機構資訊系統安全基準.md,金融機構資訊系統安全基準_table_171.md,3 行
金融機構資訊系統安全基準.md,金融機構資訊系統安全基準_table_172.md,4 行
金融機構資訊系統安全基準.md,金融機構資訊系統安全基準_table_173.md,2 行
金融機構資訊系統安全基準.md,金融機構資訊系統安全基準_table_174.md,3 行
金融機構資訊系統安全基準.md,金融機構資訊系統安全基準_table_175.md,4 行
金融機構資訊系統安全基準.md,金融機構資訊系統安全基準_table_176.md,2 行
金融機構資訊系統安全基準.md,金融機構資訊系統安全基準_table_177.md,3 行
金融機構資訊系統安全基準.md,金融機構資訊系統安全基準_table_178.md,4 行
金融機構資訊系統安全基準.md,金融機構資訊系統安全基準_table_179.md,2 行
金融機構資訊系統安全基準.md,金融機構資訊系統安全基準_table_180.md,3 行
金融機構資訊系統安全基準.md,金融機構資訊系統安全基準_table_181.md,4 行
金融機構資訊系統安全基準.md,金融機構資訊系統安全基準_table_182.md,2 行
金融機構資訊系統安全基準.md,金融機構資訊系統安全基準_table_183.md,3 行
金融機構資訊系統安全基準.md,金融機構資訊系統安全基準_table_184.md,4 行
金融機構資訊系統安全基準.md,金融機構資訊系統安全基準_table_185.md,2 行
金融機構資訊系統安全基準.md,金融機構資訊系統安全基準_table_186.md,3 行
金融機構資訊系統安全基準.md,金融機構資訊系統安全基準_table_187.md,4 行
金融機構資訊系統安全基準.md,金融機構資訊系統安全基準_table_188.md,2 行
金融機構資訊系統安全基準.md,金融機構資訊系統安全基準_table_189.md,3 行
金融機構資訊系統安全基準.md,金融機構資訊系統安全基準_table_190.md,4 行
金融機構資訊系統安全基準.md,金融機構資訊系統安全基準_table_191.md,2 行
金融機構資訊系統安全基準.md,金融機構資訊系統安全基準_table_192.md,4 行
金融機構資訊系統安全基準.md,金融機構資訊系統安全基準_table_193.md,2 行
金融機構資訊系統安全基準.md,金融機構資訊系統安全基準_table_194.md,4 行
金融機構資訊系統安全基準.md,金融機構資訊系統安全基準_table_195.md,2 行
金融機構資訊系統安全基準.md,金融機構資訊系統安全基準_table_196.md,4 行
金融機構資訊系統安全基準.md,金融機構資訊系統安全基準_table_197.md,4 行
金融機構資訊系統安全基準.md,金融機構資訊系統安全基準_table_198.md,2 行
金融機構資訊系統安全基準.md,金融機構資訊系統安全基準_table_199.md,4 行
金融機構資訊系統安全基準.md,金融機構資訊系統安全基準_table_200.md,2 行
金融機構資訊系統安全基準.md,金融機構資訊系統安全基準_table_201.md,4 行
金融機構資訊系統安全基準.md,金融機構資訊系統安全基準_table_202.md,2 行
金融機構資訊系統安全基準.md,金融機構資訊系統安全基準_table_203.md,4 行
金融機構資訊系統安全基準.md,金融機構資訊系統安全基準_table_204.md,2 行
金融機構資訊系統安全基準.md,金融機構資訊系統安全基準_table_205.md,4 行
金融機構資訊系統安全基準.md,金融機構資訊系統安全基準_table_206.md,2 行
金融機構資訊系統安全基準.md,金融機構資訊系統安全基準_table_207.md,4 行
金融機構資訊系統安全基準.md,金融機構資訊系統安全基準_table_208.md,2 行
金融機構資訊系統安全基準.md,金融機構資訊系統安全基準_table_209.md,4 行
金融機構資訊系統安全基準.md,金融機構資訊系統安全基準_table_210.md,2 行
金融機構資訊系統安全基準.md,金融機構資訊系統安全基準_table_211.md,4 行
金融機構資訊系統安全基準.md,金融機構資訊系統安全基準_table_212.md,2 行
金融機構資訊系統安全基準.md,金融機構資訊系統安全基準_table_213.md,4 行
金融機構資訊系統安全基準.md,金融機構資訊系統安全基準_table_214.md,2 行
金融機構資訊系統安全基準.md,金融機構資訊系統安全基準_table_215.md,4 行
金融機構資訊系統安全基準.md,金融機構資訊系統安全基準_table_216.md,4 行
金融機構資訊系統安全基準.md,金融機構資訊系統安全基準_table_217.md,5 行
金融機構資訊系統安全基準.md,金融機構資訊系統安全基準_table_218.md,4 行
金融機構資訊系統安全基準.md,金融機構資訊系統安全基準_table_219.md,2 行
金融機構資訊系統安全基準.md,金融機構資訊系統安全基準_table_220.md,4 行
金融機構資訊系統安全基準.md,金融機構資訊系統安全基準_table_221.md,2 行
金融機構資訊系統安全基準.md,金融機構資訊系統安全基準_table_222.md,4 行
金融機構資訊系統安全基準.md,金融機構資訊系統安全基準_table_223.md,2 行
金融機構資訊系統安全基準.md,金融機構資訊系統安全基準_table_224.md,4 行
金融機構資訊系統安全基準.md,金融機構資訊系統安全基準_table_225.md,2 行
金融機構資訊系統安全基準.md,金融機構資訊系統安全基準_table_226.md,4 行
金融機構資訊系統安全基準.md,金融機構資訊系統安全基準_table_227.md,2 行
金融機構資訊系統安全基準.md,金融機構資訊系統安全基準_table_228.md,4 行
金融機構資訊系統安全基準.md,金融機構資訊系統安全基準_table_229.md,2 行
金融機構資訊系統安全基準.md,金融機構資訊系統安全基準_table_230.md,4 行
金融機構資訊系統安全基準.md,金融機構資訊系統安全基準_table_231.md,2 行
金融機構資訊系統安全基準.md,金融機構資訊系統安全基準_table_232.md,2 行
金融機構資訊系統安全基準.md,金融機構資訊系統安全基準_table_233.md,3 行
金融機構資訊系統安全基準.md,金融機構資訊系統安全基準_table_234.md,3 行
金融機構資訊系統安全基準.md,金融機構資訊系統安全基準_table_235.md,4 行
金融機構資訊系統安全基準.md,金融機構資訊系統安全基準_table_236.md,2 行
金融機構資訊系統安全基準.md,金融機構資訊系統安全基準_table_237.md,4 行
金融機構資訊系統安全基準.md,金融機構資訊系統安全基準_table_238.md,2 行
金融機構資訊系統安全基準.md,金融機構資訊系統安全基準_table_239.md,4 行
金融機構資訊系統安全基準.md,金融機構資訊系統安全基準_table_240.md,2 行
金融機構資訊系統安全基準.md,金融機構資訊系統安全基準_table_241.md,4 行
金融機構資訊系統安全基準.md,金融機構資訊系統安全基準_table_242.md,2 行
金融機構資訊系統安全基準.md,金融機構資訊系統安全基準_table_243.md,4 行
金融機構資訊系統安全基準.md,金融機構資訊系統安全基準_table_244.md,2 行
金融機構資訊系統安全基準.md,金融機構資訊系統安全基準_table_245.md,4 行
金融機構資訊系統安全基準.md,金融機構資訊系統安全基準_table_246.md,2 行
金融機構資訊系統安全基準.md,金融機構資訊系統安全基準_table_247.md,4 行
金融機構資訊系統安全基準.md,金融機構資訊系統安全基準_table_248.md,2 行
金融機構資訊系統安全基準.md,金融機構資訊系統安全基準_table_249.md,4 行
金融機構資訊系統安全基準.md,金融機構資訊系統安全基準_table_250.md,2 行
金融機構資訊系統安全基準.md,金融機構資訊系統安全基準_table_251.md,4 行
金融機構資訊系統安全基準.md,金融機構資訊系統安全基準_table_252.md,2 行
金融機構資訊系統安全基準.md,金融機構資訊系統安全基準_table_253.md,4 行
金融機構資訊系統安全基準.md,金融機構資訊系統安全基準_table_254.md,2 行
金融機構資訊系統安全基準.md,金融機構資訊系統安全基準_table_255.md,4 行
金融機構資訊系統安全基準.md,金融機構資訊系統安全基準_table_256.md,2 行
金融機構資訊系統安全基準.md,金融機構資訊系統安全基準_table_257.md,4 行
金融機構資訊系統安全基準.md,金融機構資訊系統安全基準_table_258.md,2 行
金融機構資訊系統安全基準.md,金融機構資訊系統安全基準_table_259.md,4 行
金融機構資訊系統安全基準.md,金融機構資訊系統安全基準_table_260.md,2 行
金融機構資訊系統安全基準.md,金融機構資訊系統安全基準_table_261.md,4 行
金融機構資訊系統安全基準.md,金融機構資訊系統安全基準_table_262.md,2 行
金融機構資訊系統安全基準.md,金融機構資訊系統安全基準_table_263.md,4 行
金融機構資訊系統安全基準.md,金融機構資訊系統安全基準_table_264.md,2 行
金融機構資訊系統安全基準.md,金融機構資訊系統安全基準_table_265.md,4 行
金融機構資訊系統安全基準.md,金融機構資訊系統安全基準_table_266.md,2 行
金融機構資訊系統安全基準.md,金融機構資訊系統安全基準_table_267.md,3 行
金融機構資訊系統安全基準.md,金融機構資訊系統安全基準_table_268.md,4 行
金融機構資訊系統安全基準.md,金融機構資訊系統安全基準_table_269.md,2 行
金融機構資訊系統安全基準.md,金融機構資訊系統安全基準_table_270.md,3 行
金融機構資訊系統安全基準.md,金融機構資訊系統安全基準_table_271.md,4 行
金融機構資訊系統安全基準.md,金融機構資訊系統安全基準_table_272.md,2 行
金融機構資訊系統安全基準.md,金融機構資訊系統安全基準_table_273.md,3 行
金融機構資訊系統安全基準.md,金融機構資訊系統安全基準_table_274.md,4 行
金融機構資訊系統安全基準.md,金融機構資訊系統安全基準_table_275.md,2 行
金融機構資訊系統安全基準.md,金融機構資訊系統安全基準_table_276.md,3 行
金融機構資訊系統安全基準.md,金融機構資訊系統安全基準_table_277.md,4 行
金融機構資訊系統安全基準.md,金融機構資訊系統安全基準_table_278.md,2 行
金融機構資訊系統安全基準.md,金融機構資訊系統安全基準_table_279.md,3 行
金融機構資訊系統安全基準.md,金融機構資訊系統安全基準_table_280.md,4 行
金融機構資訊系統安全基準.md,金融機構資訊系統安全基準_table_281.md,2 行
金融機構資訊系統安全基準.md,金融機構資訊系統安全基準_table_282.md,3 行
金融機構資訊系統安全基準.md,金融機構資訊系統安全基準_table_283.md,4 行
金融機構資訊系統安全基準.md,金融機構資訊系統安全基準_table_284.md,2 行
金融機構資訊系統安全基準.md,金融機構資訊系統安全基準_table_285.md,3 行
金融機構資訊系統安全基準.md,金融機構資訊系統安全基準_table_286.md,4 行
金融機構資訊系統安全基準.md,金融機構資訊系統安全基準_table_287.md,2 行
金融機構資訊系統安全基準.md,金融機構資訊系統安全基準_table_288.md,3 行
金融機構資訊系統安全基準.md,金融機構資訊系統安全基準_table_289.md,4 行
金融機構資訊系統安全基準.md,金融機構資訊系統安全基準_table_290.md,2 行
金融機構資訊系統安全基準.md,金融機構資訊系統安全基準_table_291.md,3 行
金融機構資訊系統安全基準.md,金融機構資訊系統安全基準_table_292.md,4 行
金融機構資訊系統安全基準.md,金融機構資訊系統安全基準_table_293.md,2 行
金融機構資訊系統安全基準.md,金融機構資訊系統安全基準_table_294.md,3 行
金融機構資訊系統安全基準.md,金融機構資訊系統安全基準_table_295.md,4 行
金融機構資訊系統安全基準.md,金融機構資訊系統安全基準_table_296.md,2 行
金融機構資訊系統安全基準.md,金融機構資訊系統安全基準_table_297.md,3 行
金融機構資訊系統安全基準.md,金融機構資訊系統安全基準_table_298.md,4 行
金融機構資訊系統安全基準.md,金融機構資訊系統安全基準_table_299.md,2 行
金融機構資訊系統安全基準.md,金融機構資訊系統安全基準_table_300.md,3 行
金融機構資訊系統安全基準.md,金融機構資訊系統安全基準_table_301.md,4 行
金融機構資訊系統安全基準.md,金融機構資訊系統安全基準_table_302.md,2 行
金融機構資訊系統安全基準.md,金融機構資訊系統安全基準_table_303.md,3 行
金融機構資訊系統安全基準.md,金融機構資訊系統安全基準_table_304.md,4 行
金融機構資訊系統安全基準.md,金融機構資訊系統安全基準_table_305.md,2 行
金融機構資訊系統安全基準.md,金融機構資訊系統安全基準_table_306.md,3 行
金融機構資訊系統安全基準.md,金融機構資訊系統安全基準_table_307.md,4 行
金融機構資訊系統安全基準.md,金融機構資訊系統安全基準_table_308.md,2 行
金融機構資訊系統安全基準.md,金融機構資訊系統安全基準_table_309.md,3 行
金融機構資訊系統安全基準.md,金融機構資訊系統安全基準_table_310.md,4 行
金融機構資訊系統安全基準.md,金融機構資訊系統安全基準_table_311.md,2 行
金融機構資訊系統安全基準.md,金融機構資訊系統安全基準_table_312.md,3 行
金融機構資訊系統安全基準.md,金融機構資訊系統安全基準_table_313.md,4 行
金融機構資訊系統安全基準.md,金融機構資訊系統安全基準_table_314.md,2 行
金融機構資訊系統安全基準.md,金融機構資訊系統安全基準_table_315.md,3 行
金融機構資訊系統安全基準.md,金融機構資訊系統安全基準_table_316.md,4 行
金融機構資訊系統安全基準.md,金融機構資訊系統安全基準_table_317.md,2 行
金融機構資訊系統安全基準.md,金融機構資訊系統安全基準_table_318.md,3 行
金融機構資訊系統安全基準.md,金融機構資訊系統安全基準_table_319.md,4 行
金融機構資訊系統安全基準.md,金融機構資訊系統安全基準_table_320.md,2 行
金融機構資訊系統安全基準.md,金融機構資訊系統安全基準_table_321.md,3 行
金融機構資訊系統安全基準.md,金融機構資訊系統安全基準_table_322.md,4 行
金融機構資訊系統安全基準.md,金融機構資訊系統安全基準_table_323.md,2 行
金融機構資訊系統安全基準.md,金融機構資訊系統安全基準_table_324.md,3 行
金融機構資訊系統安全基準.md,金融機構資訊系統安全基準_table_325.md,4 行
金融機構資訊系統安全基準.md,金融機構資訊系統安全基準_table_326.md,2 行
金融機構資訊系統安全基準.md,金融機構資訊系統安全基準_table_327.md,3 行
金融機構資訊系統安全基準.md,金融機構資訊系統安全基準_table_328.md,4 行
金融機構資訊系統安全基準.md,金融機構資訊系統安全基準_table_329.md,2 行
金融機構資訊系統安全基準.md,金融機構資訊系統安全基準_table_330.md,3 行
金融機構資訊系統安全基準.md,金融機構資訊系統安全基準_table_331.md,4 行
金融機構資訊系統安全基準.md,金融機構資訊系統安全基準_table_332.md,2 行
金融機構資訊系統安全基準.md,金融機構資訊系統安全基準_table_333.md,3 行
金融機構資訊系統安全基準.md,金融機構資訊系統安全基準_table_334.md,4 行
金融機構資訊系統安全基準.md,金融機構資訊系統安全基準_table_335.md,2 行
金融機構資訊系統安全基準.md,金融機構資訊系統安全基準_table_336.md,3 行
金融機構資訊系統安全基準.md,金融機構資訊系統安全基準_table_337.md,4 行
金融機構資訊系統安全基準.md,金融機構資訊系統安全基準_table_338.md,2 行
金融機構資訊系統安全基準.md,金融機構資訊系統安全基準_table_339.md,3 行
金融機構資訊系統安全基準.md,金融機構資訊系統安全基準_table_340.md,4 行
金融機構資訊系統安全基準.md,金融機構資訊系統安全基準_table_341.md,2 行
金融機構資訊系統安全基準.md,金融機構資訊系統安全基準_table_342.md,3 行
金融機構資訊系統安全基準.md,金融機構資訊系統安全基準_table_343.md,4 行
金融機構資訊系統安全基準.md,金融機構資訊系統安全基準_table_344.md,2 行
金融機構資訊系統安全基準.md,金融機構資訊系統安全基準_table_345.md,3 行
金融機構資訊系統安全基準.md,金融機構資訊系統安全基準_table_346.md,4 行
金融機構資訊系統安全基準.md,金融機構資訊系統安全基準_table_347.md,2 行
金融機構資訊系統安全基準.md,金融機構資訊系統安全基準_table_348.md,3 行
金融機構資訊系統安全基準.md,金融機構資訊系統安全基準_table_349.md,4 行
金融機構資訊系統安全基準.md,金融機構資訊系統安全基準_table_350.md,2 行
金融機構資訊系統安全基準.md,金融機構資訊系統安全基準_table_351.md,3 行
金融機構資訊系統安全基準.md,金融機構資訊系統安全基準_table_352.md,4 行
金融機構資訊系統安全基準.md,金融機構資訊系統安全基準_table_353.md,2 行
金融機構資訊系統安全基準.md,金融機構資訊系統安全基準_table_354.md,3 行
金融機構資訊系統安全基準.md,金融機構資訊系統安全基準_table_355.md,4 行
金融機構資訊系統安全基準.md,金融機構資訊系統安全基準_table_356.md,2 行
金融機構資訊系統安全基準.md,金融機構資訊系統安全基準_table_357.md,3 行
金融機構資訊系統安全基準.md,金融機構資訊系統安全基準_table_358.md,4 行
金融機構資訊系統安全基準.md,金融機構資訊系統安全基準_table_359.md,2 行
金融機構資訊系統安全基準.md,金融機構資訊系統安全基準_table_360.md,3 行
金融機構資訊系統安全基準.md,金融機構資訊系統安全基準_table_361.md,4 行
金融機構資訊系統安全基準.md,金融機構資訊系統安全基準_table_362.md,2 行
金融機構資訊系統安全基準.md,金融機構資訊系統安全基準_table_363.md,3 行
金融機構資訊系統安全基準.md,金融機構資訊系統安全基準_table_364.md,4 行
金融機構資訊系統安全基準.md,金融機構資訊系統安全基準_table_365.md,2 行
金融機構資訊系統安全基準.md,金融機構資訊系統安全基準_table_366.md,7 行
金融機構資訊系統安全基準.md,金融機構資訊系統安全基準_table_367.md,9 行
金融機構資訊系統安全基準.md,金融機構資訊系統安全基準_table_368.md,3 行
金融機構資訊系統安全基準.md,金融機構資訊系統安全基準_table_369.md,4 行
金融機構資訊系統安全基準.md,金融機構資訊系統安全基準_table_370.md,2 行
金融機構資訊系統安全基準.md,金融機構資訊系統安全基準_table_371.md,3 行
金融機構資訊系統安全基準.md,金融機構資訊系統安全基準_table_372.md,4 行
金融機構資訊系統安全基準.md,金融機構資訊系統安全基準_table_373.md,2 行
金融機構資訊系統安全基準.md,金融機構資訊系統安全基準_table_374.md,3 行
金融機構資訊系統安全基準.md,金融機構資訊系統安全基準_table_375.md,4 行
金融機構資訊系統安全基準.md,金融機構資訊系統安全基準_table_376.md,2 行
金融機構資訊系統安全基準.md,金融機構資訊系統安全基準_table_377.md,3 行
金融機構資訊系統安全基準.md,金融機構資訊系統安全基準_table_378.md,4 行
金融機構資訊系統安全基準.md,金融機構資訊系統安全基準_table_379.md,2 行
金融機構資訊系統安全基準.md,金融機構資訊系統安全基準_table_380.md,3 行
金融機構資訊系統安全基準.md,金融機構資訊系統安全基準_table_381.md,4 行
金融機構資訊系統安全基準.md,金融機構資訊系統安全基準_table_382.md,2 行
金融機構資訊系統安全基準.md,金融機構資訊系統安全基準_table_383.md,3 行
金融機構資訊系統安全基準.md,金融機構資訊系統安全基準_table_384.md,4 行
金融機構資訊系統安全基準.md,金融機構資訊系統安全基準_table_385.md,2 行
金融機構資訊系統安全基準.md,金融機構資訊系統安全基準_table_386.md,3 行
金融機構資訊系統安全基準.md,金融機構資訊系統安全基準_table_387.md,4 行
金融機構資訊系統安全基準.md,金融機構資訊系統安全基準_table_388.md,2 行
金融機構資訊系統安全基準.md,金融機構資訊系統安全基準_table_389.md,3 行
金融機構資訊系統安全基準.md,金融機構資訊系統安全基準_table_390.md,4 行
金融機構資訊系統安全基準.md,金融機構資訊系統安全基準_table_391.md,2 行
金融機構資訊系統安全基準.md,金融機構資訊系統安全基準_table_392.md,3 行
金融機構資訊系統安全基準.md,金融機構資訊系統安全基準_table_393.md,4 行
金融機構資訊系統安全基準.md,金融機構資訊系統安全基準_table_394.md,2 行
金融機構資訊系統安全基準.md,金融機構資訊系統安全基準_table_395.md,3 行
金融機構資訊系統安全基準.md,金融機構資訊系統安全基準_table_396.md,4 行
金融機構資訊系統安全基準.md,金融機構資訊系統安全基準_table_397.md,2 行
金融機構資訊系統安全基準.md,金融機構資訊系統安全基準_table_398.md,3 行
金融機構資訊系統安全基準.md,金融機構資訊系統安全基準_table_399.md,4 行
金融機構資訊系統安全基準.md,金融機構資訊系統安全基準_table_400.md,2 行
金融機構資訊系統安全基準.md,金融機構資訊系統安全基準_table_401.md,3 行
金融機構資訊系統安全基準.md,金融機構資訊系統安全基準_table_402.md,4 行
金融機構資訊系統安全基準.md,金融機構資訊系統安全基準_table_403.md,2 行
金融機構資訊系統安全基準.md,金融機構資訊系統安全基準_table_404.md,3 行
金融機構資訊系統安全基準.md,金融機構資訊系統安全基準_table_405.md,4 行
金融機構資訊系統安全基準.md,金融機構資訊系統安全基準_table_406.md,2 行
金融機構資訊系統安全基準.md,金融機構資訊系統安全基準_table_407.md,3 行
金融機構資訊系統安全基準.md,金融機構資訊系統安全基準_table_408.md,4 行
金融機構資訊系統安全基準.md,金融機構資訊系統安全基準_table_409.md,2 行
金融機構資訊系統安全基準.md,金融機構資訊系統安全基準_table_410.md,3 行
金融機構資訊系統安全基準.md,金融機構資訊系統安全基準_table_411.md,4 行
金融機構資訊系統安全基準.md,金融機構資訊系統安全基準_table_412.md,2 行
金融機構資訊系統安全基準.md,金融機構資訊系統安全基準_table_413.md,3 行
金融機構資訊系統安全基準.md,金融機構資訊系統安全基準_table_414.md,4 行
金融機構資訊系統安全基準.md,金融機構資訊系統安全基準_table_415.md,2 行
金融機構資訊系統安全基準.md,金融機構資訊系統安全基準_table_416.md,3 行
金融機構資訊系統安全基準.md,金融機構資訊系統安全基準_table_417.md,4 行
金融機構資訊系統安全基準.md,金融機構資訊系統安全基準_table_418.md,2 行
金融機構資訊系統安全基準.md,金融機構資訊系統安全基準_table_419.md,4 行
金融機構資訊系統安全基準.md,金融機構資訊系統安全基準_table_420.md,2 行
金融機構資訊系統安全基準.md,金融機構資訊系統安全基準_table_421.md,4 行
金融機構資訊系統安全基準.md,金融機構資訊系統安全基準_table_422.md,2 行
金融機構資訊系統安全基準.md,金融機構資訊系統安全基準_table_423.md,4 行
金融機構資訊系統安全基準.md,金融機構資訊系統安全基準_table_424.md,2 行
金融機構資訊系統安全基準.md,金融機構資訊系統安全基準_table_425.md,3 行
金融機構資訊系統安全基準.md,金融機構資訊系統安全基準_table_426.md,4 行
金融機構資訊系統安全基準.md,金融機構資訊系統安全基準_table_427.md,2 行
金融機構資訊系統安全基準.md,金融機構資訊系統安全基準_table_428.md,3 行
金融機構資訊系統安全基準.md,金融機構資訊系統安全基準_table_429.md,4 行
金融機構資訊系統安全基準.md,金融機構資訊系統安全基準_table_430.md,2 行
金融機構資訊系統安全基準.md,金融機構資訊系統安全基準_table_431.md,3 行
金融機構資訊系統安全基準.md,金融機構資訊系統安全基準_table_432.md,4 行
金融機構資訊系統安全基準.md,金融機構資訊系統安全基準_table_433.md,2 行
金融機構資訊系統安全基準.md,金融機構資訊系統安全基準_table_434.md,3 行
金融機構資訊系統安全基準.md,金融機構資訊系統安全基準_table_435.md,4 行
金融機構資訊系統安全基準.md,金融機構資訊系統安全基準_table_436.md,2 行
金融機構資訊系統安全基準.md,金融機構資訊系統安全基準_table_437.md,3 行
金融機構資訊系統安全基準.md,金融機構資訊系統安全基準_table_438.md,4 行
金融機構資訊系統安全基準.md,金融機構資訊系統安全基準_table_439.md,2 行
金融機構資訊系統安全基準.md,金融機構資訊系統安全基準_table_440.md,3 行
金融機構資訊系統安全基準.md,金融機構資訊系統安全基準_table_441.md,4 行
金融機構資訊系統安全基準.md,金融機構資訊系統安全基準_table_442.md,2 行
金融機構資訊系統安全基準.md,金融機構資訊系統安全基準_table_443.md,3 行
金融機構資訊系統安全基準.md,金融機構資訊系統安全基準_table_444.md,4 行
金融機構資訊系統安全基準.md,金融機構資訊系統安全基準_table_445.md,2 行
金融機構資訊系統安全基準.md,金融機構資訊系統安全基準_table_446.md,3 行
金融機構資訊系統安全基準.md,金融機構資訊系統安全基準_table_447.md,4 行
金融機構資訊系統安全基準.md,金融機構資訊系統安全基準_table_448.md,2 行
金融機構資訊系統安全基準.md,金融機構資訊系統安全基準_table_449.md,3 行
金融機構資訊系統安全基準.md,金融機構資訊系統安全基準_table_450.md,3 行
金融機構資訊系統安全基準.md,金融機構資訊系統安全基準_table_451.md,3 行
金融機構資訊系統安全基準.md,金融機構資訊系統安全基準_table_452.md,4 行
金融機構資訊系統安全基準.md,金融機構資訊系統安全基準_table_453.md,2 行
金融機構資訊系統安全基準.md,金融機構資訊系統安全基準_table_454.md,3 行
金融機構資訊系統安全基準.md,金融機構資訊系統安全基準_table_455.md,4 行
金融機構資訊系統安全基準.md,金融機構資訊系統安全基準_table_456.md,2 行
金融機構資訊系統安全基準.md,金融機構資訊系統安全基準_table_457.md,3 行
金融機構資訊系統安全基準.md,金融機構資訊系統安全基準_table_458.md,4 行
金融機構資訊系統安全基準.md,金融機構資訊系統安全基準_table_459.md,2 行
金融機構資訊系統安全基準.md,金融機構資訊系統安全基準_table_460.md,3 行
金融機構資訊系統安全基準.md,金融機構資訊系統安全基準_table_461.md,4 行
金融機構資訊系統安全基準.md,金融機構資訊系統安全基準_table_462.md,2 行
金融機構資訊系統安全基準.md,金融機構資訊系統安全基準_table_463.md,3 行
金融機構資訊系統安全基準.md,金融機構資訊系統安全基準_table_464.md,3 行
金融機構資訊系統安全基準.md,金融機構資訊系統安全基準_table_465.md,4 行
金融機構資訊系統安全基準.md,金融機構資訊系統安全基準_table_466.md,2 行
金融機構資訊系統安全基準.md,金融機構資訊系統安全基準_table_467.md,3 行
金融機構資訊系統安全基準.md,金融機構資訊系統安全基準_table_468.md,4 行
金融機構資訊系統安全基準.md,金融機構資訊系統安全基準_table_469.md,2 行
金融機構資訊系統安全基準.md,金融機構資訊系統安全基準_table_470.md,3 行
金融機構資訊系統安全基準.md,金融機構資訊系統安全基準_table_471.md,4 行
金融機構資訊系統安全基準.md,金融機構資訊系統安全基準_table_472.md,2 行
金融機構資訊系統安全基準.md,金融機構資訊系統安全基準_table_473.md,3 行
金融機構資訊系統安全基準.md,金融機構資訊系統安全基準_table_474.md,4 行
金融機構資訊系統安全基準.md,金融機構資訊系統安全基準_table_475.md,2 行
金融機構資訊系統安全基準.md,金融機構資訊系統安全基準_table_476.md,3 行
金融機構資訊系統安全基準.md,金融機構資訊系統安全基準_table_477.md,4 行
金融機構資訊系統安全基準.md,金融機構資訊系統安全基準_table_478.md,2 行
金融機構資訊系統安全基準.md,金融機構資訊系統安全基準_table_479.md,3 行
金融機構資訊系統安全基準.md,金融機構資訊系統安全基準_table_480.md,4 行
金融機構資訊系統安全基準.md,金融機構資訊系統安全基準_table_481.md,2 行
金融機構資訊系統安全基準.md,金融機構資訊系統安全基準_table_482.md,3 行
金融機構資訊系統安全基準.md,金融機構資訊系統安全基準_table_483.md,4 行
金融機構資訊系統安全基準.md,金融機構資訊系統安全基準_table_484.md,2 行
金融機構資訊系統安全基準.md,金融機構資訊系統安全基準_table_485.md,3 行
金融機構資訊系統安全基準.md,金融機構資訊系統安全基準_table_486.md,3 行
金融機構資訊系統安全基準.md,金融機構資訊系統安全基準_table_487.md,4 行
金融機構資訊系統安全基準.md,金融機構資訊系統安全基準_table_488.md,2 行
金融機構資訊系統安全基準.md,金融機構資訊系統安全基準_table_489.md,3 行
金融機構資訊系統安全基準.md,金融機構資訊系統安全基準_table_490.md,4 行
金融機構資訊系統安全基準.md,金融機構資訊系統安全基準_table_491.md,2 行
金融機構資訊系統安全基準.md,金融機構資訊系統安全基準_table_492.md,3 行
金融機構資訊系統安全基準.md,金融機構資訊系統安全基準_table_493.md,4 行
金融機構資訊系統安全基準.md,金融機構資訊系統安全基準_table_494.md,2 行
金融機構資訊系統安全基準.md,金融機構資訊系統安全基準_table_495.md,3 行
金融機構資訊系統安全基準.md,金融機構資訊系統安全基準_table_496.md,4 行
金融機構資訊系統安全基準.md,金融機構資訊系統安全基準_table_497.md,2 行
金融機構資訊系統安全基準.md,金融機構資訊系統安全基準_table_498.md,3 行
金融機構資訊系統安全基準.md,金融機構資訊系統安全基準_table_499.md,4 行
金融機構資訊系統安全基準.md,金融機構資訊系統安全基準_table_500.md,2 行
金融機構資訊系統安全基準.md,金融機構資訊系統安全基準_table_501.md,3 行
金融機構資訊系統安全基準.md,金融機構資訊系統安全基準_table_502.md,4 行
金融機構資訊系統安全基準.md,金融機構資訊系統安全基準_table_503.md,2 行
金融機構資訊系統安全基準.md,金融機構資訊系統安全基準_table_504.md,3 行
金融機構資訊系統安全基準.md,金融機構資訊系統安全基準_table_505.md,4 行
金融機構資訊系統安全基準.md,金融機構資訊系統安全基準_table_506.md,2 行
金融機構資訊系統安全基準.md,金融機構資訊系統安全基準_table_507.md,3 行
金融機構資訊系統安全基準.md,金融機構資訊系統安全基準_table_508.md,4 行
金融機構資訊系統安全基準.md,金融機構資訊系統安全基準_table_509.md,2 行
金融機構資訊系統安全基準.md,金融機構資訊系統安全基準_table_510.md,3 行
金融機構資訊系統安全基準.md,金融機構資訊系統安全基準_table_511.md,4 行
金融機構資訊系統安全基準.md,金融機構資訊系統安全基準_table_512.md,2 行
金融機構資訊系統安全基準.md,金融機構資訊系統安全基準_table_513.md,3 行
金融機構資訊系統安全基準.md,金融機構資訊系統安全基準_table_514.md,4 行
金融機構資訊系統安全基準.md,金融機構資訊系統安全基準_table_515.md,2 行
金融機構資訊系統安全基準.md,金融機構資訊系統安全基準_table_516.md,3 行
金融機構資訊系統安全基準.md,金融機構資訊系統安全基準_table_517.md,4 行
金融機構資訊系統安全基準.md,金融機構資訊系統安全基準_table_518.md,2 行
金融機構資訊系統安全基準.md,金融機構資訊系統安全基準_table_519.md,3 行
金融機構資訊系統安全基準.md,金融機構資訊系統安全基準_table_520.md,4 行
金融機構資訊系統安全基準.md,金融機構資訊系統安全基準_table_521.md,2 行
金融機構資訊系統安全基準.md,金融機構資訊系統安全基準_table_522.md,3 行
金融機構資訊系統安全基準.md,金融機構資訊系統安全基準_table_523.md,4 行
金融機構資訊系統安全基準.md,金融機構資訊系統安全基準_table_524.md,2 行
金融機構資訊系統安全基準.md,金融機構資訊系統安全基準_table_525.md,3 行
金融機構資訊系統安全基準.md,金融機構資訊系統安全基準_table_526.md,4 行
金融機構資訊系統安全基準.md,金融機構資訊系統安全基準_table_527.md,2 行
金融機構資訊系統安全基準.md,金融機構資訊系統安全基準_table_528.md,3 行
金融機構資訊系統安全基準.md,金融機構資訊系統安全基準_table_529.md,4 行
金融機構資訊系統安全基準.md,金融機構資訊系統安全基準_table_530.md,2 行
金融機構資訊系統安全基準.md,金融機構資訊系統安全基準_table_531.md,3 行
金融機構資訊系統安全基準.md,金融機構資訊系統安全基準_table_532.md,4 行
金融機構資訊系統安全基準.md,金融機構資訊系統安全基準_table_533.md,2 行
金融機構資訊系統安全基準.md,金融機構資訊系統安全基準_table_534.md,3 行
金融機構資訊系統安全基準.md,金融機構資訊系統安全基準_table_535.md,4 行
金融機構資訊系統安全基準.md,金融機構資訊系統安全基準_table_536.md,2 行
金融機構資訊系統安全基準.md,金融機構資訊系統安全基準_table_537.md,3 行
金融機構資訊系統安全基準.md,金融機構資訊系統安全基準_table_538.md,4 行
金融機構資訊系統安全基準.md,金融機構資訊系統安全基準_table_539.md,2 行
金融機構資訊系統安全基準.md,金融機構資訊系統安全基準_table_540.md,3 行
金融機構資訊系統安全基準.md,金融機構資訊系統安全基準_table_541.md,4 行
金融機構資訊系統安全基準.md,金融機構資訊系統安全基準_table_542.md,2 行
金融機構資訊系統安全基準.md,金融機構資訊系統安全基準_table_543.md,3 行
金融機構資訊系統安全基準.md,金融機構資訊系統安全基準_table_544.md,4 行
金融機構資訊系統安全基準.md,金融機構資訊系統安全基準_table_545.md,2 行
金融機構資訊系統安全基準.md,金融機構資訊系統安全基準_table_546.md,3 行
金融機構資訊系統安全基準.md,金融機構資訊系統安全基準_table_547.md,4 行
金融機構資訊系統安全基準.md,金融機構資訊系統安全基準_table_548.md,2 行
金融機構資訊系統安全基準.md,金融機構資訊系統安全基準_table_549.md,3 行
金融機構資訊系統安全基準.md,金融機構資訊系統安全基準_table_550.md,4 行
金融機構資訊系統安全基準.md,金融機構資訊系統安全基準_table_551.md,2 行
金融機構資訊系統安全基準.md,金融機構資訊系統安全基準_table_552.md,3 行
金融機構資訊系統安全基準.md,金融機構資訊系統安全基準_table_553.md,4 行
金融機構資訊系統安全基準.md,金融機構資訊系統安全基準_table_554.md,2 行
金融機構資訊系統安全基準.md,金融機構資訊系統安全基準_table_555.md,3 行
金融機構資訊系統安全基準.md,金融機構資訊系統安全基準_table_556.md,4 行
金融機構資訊系統安全基準.md,金融機構資訊系統安全基準_table_557.md,2 行
金融機構資訊系統安全基準.md,金融機構資訊系統安全基準_table_558.md,3 行
金融機構資訊系統安全基準.md,金融機構資訊系統安全基準_table_559.md,4 行
金融機構資訊系統安全基準.md,金融機構資訊系統安全基準_table_560.md,2 行
金融機構資訊系統安全基準.md,金融機構資訊系統安全基準_table_561.md,3 行
金融機構資訊系統安全基準.md,金融機構資訊系統安全基準_table_562.md,4 行
金融機構資訊系統安全基準.md,金融機構資訊系統安全基準_table_563.md,2 行
金融機構資訊系統安全基準.md,金融機構資訊系統安全基準_table_564.md,3 行
金融機構資訊系統安全基準.md,金融機構資訊系統安全基準_table_565.md,4 行
金融機構資訊系統安全基準.md,金融機構資訊系統安全基準_table_566.md,2 行
金融機構資訊系統安全基準.md,金融機構資訊系統安全基準_table_567.md,3 行
金融機構資訊系統安全基準.md,金融機構資訊系統安全基準_table_568.md,4 行
金融機構資訊系統安全基準.md,金融機構資訊系統安全基準_table_569.md,2 行
金融機構資訊系統安全基準.md,金融機構資訊系統安全基準_table_570.md,3 行
金融機構資訊系統安全基準.md,金融機構資訊系統安全基準_table_571.md,4 行
金融機構資訊系統安全基準.md,金融機構資訊系統安全基準_table_572.md,2 行
金融機構資訊系統安全基準.md,金融機構資訊系統安全基準_table_573.md,3 行
金融機構資訊系統安全基準.md,金融機構資訊系統安全基準_table_574.md,4 行
金融機構資訊系統安全基準.md,金融機構資訊系統安全基準_table_575.md,2 行
金融機構資訊系統安全基準.md,金融機構資訊系統安全基準_table_576.md,3 行
金融機構資訊系統安全基準.md,金融機構資訊系統安全基準_table_577.md,4 行
金融機構資訊系統安全基準.md,金融機構資訊系統安全基準_table_578.md,2 行
金融機構資訊系統安全基準.md,金融機構資訊系統安全基準_table_579.md,3 行
金融機構資訊系統安全基準.md,金融機構資訊系統安全基準_table_580.md,4 行
金融機構資訊系統安全基準.md,金融機構資訊系統安全基準_table_581.md,2 行
金融機構資訊系統安全基準.md,金融機構資訊系統安全基準_table_582.md,3 行
金融機構資訊系統安全基準.md,金融機構資訊系統安全基準_table_583.md,4 行
金融機構資訊系統安全基準.md,金融機構資訊系統安全基準_table_584.md,2 行
金融機構資訊系統安全基準.md,金融機構資訊系統安全基準_table_585.md,3 行
金融機構資訊系統安全基準.md,金融機構資訊系統安全基準_table_586.md,4 行
金融機構資訊系統安全基準.md,金融機構資訊系統安全基準_table_587.md,2 行
金融機構資訊系統安全基準.md,金融機構資訊系統安全基準_table_588.md,3 行
金融機構資訊系統安全基準.md,金融機構資訊系統安全基準_table_589.md,4 行
金融機構資訊系統安全基準.md,金融機構資訊系統安全基準_table_590.md,2 行
金融機構資訊系統安全基準.md,金融機構資訊系統安全基準_table_591.md,3 行
金融機構資訊系統安全基準.md,金融機構資訊系統安全基準_table_592.md,4 行
金融機構資訊系統安全基準.md,金融機構資訊系統安全基準_table_593.md,2 行
金融機構資訊系統安全基準.md,金融機構資訊系統安全基準_table_594.md,3 行
金融機構資訊系統安全基準.md,金融機構資訊系統安全基準_table_595.md,4 行
金融機構資訊系統安全基準.md,金融機構資訊系統安全基準_table_596.md,2 行
金融機構資訊系統安全基準.md,金融機構資訊系統安全基準_table_597.md,3 行
金融機構資訊系統安全基準.md,金融機構資訊系統安全基準_table_598.md,4 行
金融機構資訊系統安全基準.md,金融機構資訊系統安全基準_table_599.md,2 行
金融機構資訊系統安全基準.md,金融機構資訊系統安全基準_table_600.md,3 行
金融機構資訊系統安全基準.md,金融機構資訊系統安全基準_table_601.md,4 行
金融機構資訊系統安全基準.md,金融機構資訊系統安全基準_table_602.md,2 行
金融機構資訊系統安全基準.md,金融機構資訊系統安全基準_table_603.md,3 行
金融機構資訊系統安全基準.md,金融機構資訊系統安全基準_table_604.md,4 行
金融機構資訊系統安全基準.md,金融機構資訊系統安全基準_table_605.md,2 行
金融機構資訊系統安全基準.md,金融機構資訊系統安全基準_table_606.md,3 行
金融機構資訊系統安全基準.md,金融機構資訊系統安全基準_table_607.md,4 行
金融機構資訊系統安全基準.md,金融機構資訊系統安全基準_table_608.md,2 行
金融機構資訊系統安全基準.md,金融機構資訊系統安全基準_table_609.md,3 行
金融機構資訊系統安全基準.md,金融機構資訊系統安全基準_table_610.md,4 行
金融機構資訊系統安全基準.md,金融機構資訊系統安全基準_table_611.md,2 行
金融機構資訊系統安全基準.md,金融機構資訊系統安全基準_table_612.md,3 行
金融機構資訊系統安全基準.md,金融機構資訊系統安全基準_table_613.md,4 行
金融機構資訊系統安全基準.md,金融機構資訊系統安全基準_table_614.md,2 行
金融機構資訊系統安全基準.md,金融機構資訊系統安全基準_table_615.md,3 行
金融機構資訊系統安全基準.md,金融機構資訊系統安全基準_table_616.md,4 行
金融機構資訊系統安全基準.md,金融機構資訊系統安全基準_table_617.md,2 行
金融機構資訊系統安全基準.md,金融機構資訊系統安全基準_table_618.md,3 行
金融機構資訊系統安全基準.md,金融機構資訊系統安全基準_table_619.md,4 行
金融機構資訊系統安全基準.md,金融機構資訊系統安全基準_table_620.md,2 行
金融機構資訊系統安全基準.md,金融機構資訊系統安全基準_table_621.md,3 行
金融機構資訊系統安全基準.md,金融機構資訊系統安全基準_table_622.md,4 行
金融機構資訊系統安全基準.md,金融機構資訊系統安全基準_table_623.md,2 行
金融機構資訊系統安全基準.md,金融機構資訊系統安全基準_table_624.md,3 行
金融機構資訊系統安全基準.md,金融機構資訊系統安全基準_table_625.md,4 行
金融機構資訊系統安全基準.md,金融機構資訊系統安全基準_table_626.md,2 行
金融機構資訊系統安全基準.md,金融機構資訊系統安全基準_table_627.md,3 行
金融機構資訊系統安全基準.md,金融機構資訊系統安全基準_table_628.md,4 行
金融機構資訊系統安全基準.md,金融機構資訊系統安全基準_table_629.md,2 行
金融機構資訊系統安全基準.md,金融機構資訊系統安全基準_table_630.md,3 行
金融機構資訊系統安全基準.md,金融機構資訊系統安全基準_table_631.md,4 行
金融機構資訊系統安全基準.md,金融機構資訊系統安全基準_table_632.md,2 行
金融機構資訊系統安全基準.md,金融機構資訊系統安全基準_table_633.md,3 行
金融機構資訊系統安全基準.md,金融機構資訊系統安全基準_table_634.md,4 行
金融機構資訊系統安全基準.md,金融機構資訊系統安全基準_table_635.md,2 行
金融機構資訊系統安全基準.md,金融機構資訊系統安全基準_table_636.md,3 行
金融機構資訊系統安全基準.md,金融機構資訊系統安全基準_table_637.md,4 行
金融機構資訊系統安全基準.md,金融機構資訊系統安全基準_table_638.md,2 行
金融機構資訊系統安全基準.md,金融機構資訊系統安全基準_table_639.md,3 行
金融機構資訊系統安全基準.md,金融機構資訊系統安全基準_table_640.md,4 行
金融機構資訊系統安全基準.md,金融機構資訊系統安全基準_table_641.md,2 行
金融機構資訊系統安全基準.md,金融機構資訊系統安全基準_table_642.md,3 行
金融機構資訊系統安全基準.md,金融機構資訊系統安全基準_table_643.md,4 行
金融機構資訊系統安全基準.md,金融機構資訊系統安全基準_table_644.md,2 行
金融機構資訊系統安全基準.md,金融機構資訊系統安全基準_table_645.md,3 行
金融機構資訊系統安全基準.md,金融機構資訊系統安全基準_table_646.md,4 行
金融機構資訊系統安全基準.md,金融機構資訊系統安全基準_table_647.md,2 行
金融機構資訊系統安全基準.md,金融機構資訊系統安全基準_table_648.md,3 行
金融機構資訊系統安全基準.md,金融機構資訊系統安全基準_table_649.md,4 行
金融機構資訊系統安全基準.md,金融機構資訊系統安全基準_table_650.md,2 行
金融機構資訊系統安全基準.md,金融機構資訊系統安全基準_table_651.md,3 行
金融機構資訊系統安全基準.md,金融機構資訊系統安全基準_table_652.md,4 行
金融機構資訊系統安全基準.md,金融機構資訊系統安全基準_table_653.md,2 行
金融機構資訊系統安全基準.md,金融機構資訊系統安全基準_table_654.md,3 行
金融機構資訊系統安全基準.md,金融機構資訊系統安全基準_table_655.md,4 行
金融機構資訊系統安全基準.md,金融機構資訊系統安全基準_table_656.md,2 行
金融機構資訊系統安全基準.md,金融機構資訊系統安全基準_table_657.md,3 行
金融機構資訊系統安全基準.md,金融機構資訊系統安全基準_table_658.md,4 行
金融機構資訊系統安全基準.md,金融機構資訊系統安全基準_table_659.md,2 行
金融機構資訊系統安全基準.md,金融機構資訊系統安全基準_table_660.md,3 行
金融機構資訊系統安全基準.md,金融機構資訊系統安全基準_table_661.md,4 行
金融機構資訊系統安全基準.md,金融機構資訊系統安全基準_table_662.md,2 行
金融機構資訊系統安全基準.md,金融機構資訊系統安全基準_table_663.md,3 行
金融機構資訊系統安全基準.md,金融機構資訊系統安全基準_table_664.md,4 行
金融機構資訊系統安全基準.md,金融機構資訊系統安全基準_table_665.md,2 行
金融機構資訊系統安全基準.md,金融機構資訊系統安全基準_table_666.md,3 行
金融機構資訊系統安全基準.md,金融機構資訊系統安全基準_table_667.md,4 行
金融機構資訊系統安全基準.md,金融機構資訊系統安全基準_table_668.md,2 行
金融機構資訊系統安全基準.md,金融機構資訊系統安全基準_table_669.md,3 行
金融機構資訊系統安全基準.md,金融機構資訊系統安全基準_table_670.md,4 行
金融機構資訊系統安全基準.md,金融機構資訊系統安全基準_table_671.md,2 行
金融機構資訊系統安全基準.md,金融機構資訊系統安全基準_table_672.md,3 行
金融機構資訊系統安全基準.md,金融機構資訊系統安全基準_table_673.md,4 行
金融機構資訊系統安全基準.md,金融機構資訊系統安全基準_table_674.md,2 行
金融機構資訊系統安全基準.md,金融機構資訊系統安全基準_table_675.md,3 行
金融機構資訊系統安全基準.md,金融機構資訊系統安全基準_table_676.md,4 行
金融機構資訊系統安全基準.md,金融機構資訊系統安全基準_table_677.md,2 行
金融機構資訊系統安全基準.md,金融機構資訊系統安全基準_table_678.md,3 行
金融機構資訊系統安全基準.md,金融機構資訊系統安全基準_table_679.md,4 行
金融機構資訊系統安全基準.md,金融機構資訊系統安全基準_table_680.md,2 行
金融機構資訊系統安全基準.md,金融機構資訊系統安全基準_table_681.md,3 行
金融機構資訊系統安全基準.md,金融機構資訊系統安全基準_table_682.md,4 行
金融機構資訊系統安全基準.md,金融機構資訊系統安全基準_table_683.md,2 行
金融機構資訊系統安全基準.md,金融機構資訊系統安全基準_table_684.md,3 行
金融機構資訊系統安全基準.md,金融機構資訊系統安全基準_table_685.md,4 行
金融機構資訊系統安全基準.md,金融機構資訊系統安全基準_table_686.md,2 行
金融機構資訊系統安全基準.md,金融機構資訊系統安全基準_table_687.md,3 行
金融機構資訊系統安全基準.md,金融機構資訊系統安全基準_table_688.md,4 行
金融機構資訊系統安全基準.md,金融機構資訊系統安全基準_table_689.md,2 行
金融機構資訊系統安全基準.md,金融機構資訊系統安全基準_table_690.md,3 行
金融機構資訊系統安全基準.md,金融機構資訊系統安全基準_table_691.md,4 行
金融機構資訊系統安全基準.md,金融機構資訊系統安全基準_table_692.md,2 行
金融機構資訊系統安全基準.md,金融機構資訊系統安全基準_table_693.md,3 行
金融機構資訊系統安全基準.md,金融機構資訊系統安全基準_table_694.md,4 行
金融機構資訊系統安全基準.md,金融機構資訊系統安全基準_table_695.md,2 行
金融機構資訊系統安全基準.md,金融機構資訊系統安全基準_table_696.md,3 行
金融機構資訊系統安全基準.md,金融機構資訊系統安全基準_table_697.md,4 行
金融機構資訊系統安全基準.md,金融機構資訊系統安全基準_table_698.md,2 行
金融機構資訊系統安全基準.md,金融機構資訊系統安全基準_table_699.md,3 行
金融機構資訊系統安全基準.md,金融機構資訊系統安全基準_table_700.md,4 行
金融機構資訊系統安全基準.md,金融機構資訊系統安全基準_table_701.md,2 行
金融機構資訊系統安全基準.md,金融機構資訊系統安全基準_table_702.md,3 行
金融機構資訊系統安全基準.md,金融機構資訊系統安全基準_table_703.md,4 行
金融機構資訊系統安全基準.md,金融機構資訊系統安全基準_table_704.md,2 行
金融機構資訊系統安全基準.md,金融機構資訊系統安全基準_table_705.md,3 行
金融機構資訊系統安全基準.md,金融機構資訊系統安全基準_table_706.md,4 行
金融機構資訊系統安全基準.md,金融機構資訊系統安全基準_table_707.md,2 行
金融機構資訊系統安全基準.md,金融機構資訊系統安全基準_table_708.md,4 行
金融機構資訊系統安全基準.md,金融機構資訊系統安全基準_table_709.md,2 行
金融機構資訊系統安全基準.md,金融機構資訊系統安全基準_table_710.md,4 行
金融機構資訊系統安全基準.md,金融機構資訊系統安全基準_table_711.md,2 行
金融機構資訊系統安全基準.md,金融機構資訊系統安全基準_table_712.md,4 行
金融機構資訊系統安全基準.md,金融機構資訊系統安全基準_table_713.md,2 行
金融機構資訊系統安全基準.md,金融機構資訊系統安全基準_table_714.md,4 行
金融機構資訊系統安全基準.md,金融機構資訊系統安全基準_table_715.md,2 行
金融機構資訊系統安全基準.md,金融機構資訊系統安全基準_table_716.md,4 行
金融機構資訊系統安全基準.md,金融機構資訊系統安全基準_table_717.md,2 行
金融機構資訊系統安全基準.md,金融機構資訊系統安全基準_table_718.md,4 行
金融機構資訊系統安全基準.md,金融機構資訊系統安全基準_table_719.md,2 行
金融機構資訊系統安全基準.md,金融機構資訊系統安全基準_table_720.md,3 行
金融機構資訊系統安全基準.md,金融機構資訊系統安全基準_table_721.md,4 行
金融機構資訊系統安全基準.md,金融機構資訊系統安全基準_table_722.md,2 行
金融機構資訊系統安全基準.md,金融機構資訊系統安全基準_table_723.md,3 行
金融機構資訊系統安全基準.md,金融機構資訊系統安全基準_table_724.md,4 行
金融機構資訊系統安全基準.md,金融機構資訊系統安全基準_table_725.md,2 行
金融機構資訊系統安全基準.md,金融機構資訊系統安全基準_table_726.md,3 行
金融機構資訊系統安全基準.md,金融機構資訊系統安全基準_table_727.md,4 行
金融機構資訊系統安全基準.md,金融機構資訊系統安全基準_table_728.md,2 行
金融機構資訊系統安全基準.md,金融機構資訊系統安全基準_table_729.md,3 行
金融機構資訊系統安全基準.md,金融機構資訊系統安全基準_table_730.md,4 行
金融機構資訊系統安全基準.md,金融機構資訊系統安全基準_table_731.md,2 行
金融機構資訊系統安全基準.md,金融機構資訊系統安全基準_table_732.md,3 行
金融機構資訊系統安全基準.md,金融機構資訊系統安全基準_table_733.md,4 行
金融機構資訊系統安全基準.md,金融機構資訊系統安全基準_table_734.md,2 行
金融機構資訊系統安全基準.md,金融機構資訊系統安全基準_table_735.md,3 行
金融機構資訊系統安全基準.md,金融機構資訊系統安全基準_table_736.md,4 行
金融機構資訊系統安全基準.md,金融機構資訊系統安全基準_table_737.md,2 行
金融機構資訊系統安全基準.md,金融機構資訊系統安全基準_table_738.md,3 行
金融機構資訊系統安全基準.md,金融機構資訊系統安全基準_table_739.md,4 行
金融機構資訊系統安全基準.md,金融機構資訊系統安全基準_table_740.md,2 行
金融機構資訊系統安全基準.md,金融機構資訊系統安全基準_table_741.md,3 行
金融機構資訊系統安全基準.md,金融機構資訊系統安全基準_table_742.md,4 行
金融機構資訊系統安全基準.md,金融機構資訊系統安全基準_table_743.md,2 行
金融機構資訊系統安全基準.md,金融機構資訊系統安全基準_table_744.md,3 行
金融機構資訊系統安全基準.md,金融機構資訊系統安全基準_table_745.md,4 行
金融機構資訊系統安全基準.md,金融機構資訊系統安全基準_table_746.md,2 行
金融機構資訊系統安全基準.md,金融機構資訊系統安全基準_table_747.md,3 行
金融機構資訊系統安全基準.md,金融機構資訊系統安全基準_table_748.md,4 行
金融機構資訊系統安全基準.md,金融機構資訊系統安全基準_table_749.md,2 行
金融機構資訊系統安全基準.md,金融機構資訊系統安全基準_table_750.md,3 行
金融機構資訊系統安全基準.md,金融機構資訊系統安全基準_table_751.md,3 行
金融機構資訊系統安全基準.md,金融機構資訊系統安全基準_table_752.md,4 行
金融機構資訊系統安全基準.md,金融機構資訊系統安全基準_table_753.md,2 行
金融機構資訊系統安全基準.md,金融機構資訊系統安全基準_table_754.md,3 行
金融機構資訊系統安全基準.md,金融機構資訊系統安全基準_table_755.md,4 行
金融機構資訊系統安全基準.md,金融機構資訊系統安全基準_table_756.md,2 行
金融機構資訊系統安全基準.md,金融機構資訊系統安全基準_table_757.md,3 行
金融機構資訊系統安全基準.md,金融機構資訊系統安全基準_table_758.md,4 行
金融機構資訊系統安全基準.md,金融機構資訊系統安全基準_table_759.md,2 行
金融機構資訊系統安全基準.md,金融機構資訊系統安全基準_table_760.md,3 行
金融機構資訊系統安全基準.md,金融機構資訊系統安全基準_table_761.md,4 行
金融機構資訊系統安全基準.md,金融機構資訊系統安全基準_table_762.md,3 行
金融機構資訊系統安全基準.md,金融機構資訊系統安全基準_table_763.md,4 行
金融機構資訊系統安全基準.md,金融機構資訊系統安全基準_table_764.md,2 行
金融機構資訊系統安全基準.md,金融機構資訊系統安全基準_table_765.md,3 行
金融機構資訊系統安全基準.md,金融機構資訊系統安全基準_table_766.md,4 行
金融機構資訊系統安全基準.md,金融機構資訊系統安全基準_table_767.md,2 行
金融機構資訊系統安全基準.md,金融機構資訊系統安全基準_table_768.md,3 行
金融機構資訊系統安全基準.md,金融機構資訊系統安全基準_table_769.md,4 行
金融機構資訊系統安全基準.md,金融機構資訊系統安全基準_table_770.md,2 行
金融機構資訊系統安全基準.md,金融機構資訊系統安全基準_table_771.md,3 行
金融機構資訊系統安全基準.md,金融機構資訊系統安全基準_table_772.md,4 行
金融機構資訊系統安全基準.md,金融機構資訊系統安全基準_table_773.md,2 行
金融機構資訊系統安全基準.md,金融機構資訊系統安全基準_table_774.md,3 行
金融機構資訊系統安全基準.md,金融機構資訊系統安全基準_table_775.md,4 行
金融機構資訊系統安全基準.md,金融機構資訊系統安全基準_table_776.md,2 行
金融機構資訊系統安全基準.md,金融機構資訊系統安全基準_table_777.md,3 行
金融機構資訊系統安全基準.md,金融機構資訊系統安全基準_table_778.md,4 行
金融機構資訊系統安全基準.md,金融機構資訊系統安全基準_table_779.md,2 行
金融機構資訊系統安全基準.md,金融機構資訊系統安全基準_table_780.md,3 行
金融機構資訊系統安全基準.md,金融機構資訊系統安全基準_table_781.md,4 行
金融機構資訊系統安全基準.md,金融機構資訊系統安全基準_table_782.md,2 行
金融機構資訊系統安全基準.md,金融機構資訊系統安全基準_table_783.md,3 行
金融機構資訊系統安全基準.md,金融機構資訊系統安全基準_table_784.md,4 行
金融機構資訊系統安全基準.md,金融機構資訊系統安全基準_table_785.md,2 行
金融機構資訊系統安全基準.md,金融機構資訊系統安全基準_table_786.md,3 行
金融機構資訊系統安全基準.md,金融機構資訊系統安全基準_table_787.md,4 行
金融機構資訊系統安全基準.md,金融機構資訊系統安全基準_table_788.md,2 行
金融機構資訊系統安全基準.md,金融機構資訊系統安全基準_table_789.md,3 行
金融機構資訊系統安全基準.md,金融機構資訊系統安全基準_table_790.md,4 行
金融機構資訊系統安全基準.md,金融機構資訊系統安全基準_table_791.md,2 行
金融機構資訊系統安全基準.md,金融機構資訊系統安全基準_table_792.md,3 行
金融機構資訊系統安全基準.md,金融機構資訊系統安全基準_table_793.md,4 行
金融機構資訊系統安全基準.md,金融機構資訊系統安全基準_table_794.md,2 行
金融機構資訊系統安全基準.md,金融機構資訊系統安全基準_table_795.md,3 行
金融機構資訊系統安全基準.md,金融機構資訊系統安全基準_table_796.md,4 行
金融機構資訊系統安全基準.md,金融機構資訊系統安全基準_table_797.md,2 行
金融機構資訊系統安全基準.md,金融機構資訊系統安全基準_table_798.md,3 行
金融機構資訊系統安全基準.md,金融機構資訊系統安全基準_table_799.md,4 行
金融機構資訊系統安全基準.md,金融機構資訊系統安全基準_table_800.md,2 行
金融機構資訊系統安全基準.md,金融機構資訊系統安全基準_table_801.md,3 行
金融機構資訊系統安全基準.md,金融機構資訊系統安全基準_table_802.md,4 行
金融機構資訊系統安全基準.md,金融機構資訊系統安全基準_table_803.md,2 行
金融機構資訊系統安全基準.md,金融機構資訊系統安全基準_table_804.md,3 行
金融機構資訊系統安全基準.md,金融機構資訊系統安全基準_table_805.md,4 行
金融機構資訊系統安全基準.md,金融機構資訊系統安全基準_table_806.md,2 行
金融機構資訊系統安全基準.md,金融機構資訊系統安全基準_table_807.md,3 行
金融機構資訊系統安全基準.md,金融機構資訊系統安全基準_table_808.md,4 行
金融機構資訊系統安全基準.md,金融機構資訊系統安全基準_table_809.md,2 行
金融機構資訊系統安全基準.md,金融機構資訊系統安全基準_table_810.md,3 行
金融機構資訊系統安全基準.md,金融機構資訊系統安全基準_table_811.md,4 行
金融機構資訊系統安全基準.md,金融機構資訊系統安全基準_table_812.md,2 行
金融機構資訊系統安全基準.md,金融機構資訊系統安全基準_table_813.md,3 行
金融機構資訊系統安全基準.md,金融機構資訊系統安全基準_table_814.md,4 行
金融機構資訊系統安全基準.md,金融機構資訊系統安全基準_table_815.md,2 行
金融機構資訊系統安全基準.md,金融機構資訊系統安全基準_table_816.md,3 行
金融機構資訊系統安全基準.md,金融機構資訊系統安全基準_table_817.md,4 行
金融機構資訊系統安全基準.md,金融機構資訊系統安全基準_table_818.md,2 行
金融機構資訊系統安全基準.md,金融機構資訊系統安全基準_table_819.md,3 行
金融機構資訊系統安全基準.md,金融機構資訊系統安全基準_table_820.md,4 行
金融機構資訊系統安全基準.md,金融機構資訊系統安全基準_table_821.md,2 行
金融機構資訊系統安全基準.md,金融機構資訊系統安全基準_table_822.md,3 行
金融機構資訊系統安全基準.md,金融機構資訊系統安全基準_table_823.md,4 行
金融機構資訊系統安全基準.md,金融機構資訊系統安全基準_table_824.md,2 行
金融機構資訊系統安全基準.md,金融機構資訊系統安全基準_table_825.md,3 行
金融機構資訊系統安全基準.md,金融機構資訊系統安全基準_table_826.md,4 行
金融機構資訊系統安全基準.md,金融機構資訊系統安全基準_table_827.md,2 行
金融機構資訊系統安全基準.md,金融機構資訊系統安全基準_table_828.md,3 行
金融機構資訊系統安全基準.md,金融機構資訊系統安全基準_table_829.md,4 行
金融機構資訊系統安全基準.md,金融機構資訊系統安全基準_table_830.md,2 行
金融機構資訊系統安全基準.md,金融機構資訊系統安全基準_table_831.md,3 行
金融機構資訊系統安全基準.md,金融機構資訊系統安全基準_table_832.md,4 行
金融機構資訊系統安全基準.md,金融機構資訊系統安全基準_table_833.md,2 行
金融機構資訊系統安全基準.md,金融機構資訊系統安全基準_table_834.md,3 行
金融機構資訊系統安全基準.md,金融機構資訊系統安全基準_table_835.md,4 行
金融機構資訊系統安全基準.md,金融機構資訊系統安全基準_table_836.md,2 行
金融機構資訊系統安全基準.md,金融機構資訊系統安全基準_table_837.md,3 行
金融機構資訊系統安全基準.md,金融機構資訊系統安全基準_table_838.md,4 行
金融機構資訊系統安全基準.md,金融機構資訊系統安全基準_table_839.md,2 行
金融機構資訊系統安全基準.md,金融機構資訊系統安全基準_table_840.md,3 行
金融機構資訊系統安全基準.md,金融機構資訊系統安全基準_table_841.md,4 行
金融機構資訊系統安全基準.md,金融機構資訊系統安全基準_table_842.md,2 行
金融機構資訊系統安全基準.md,金融機構資訊系統安全基準_table_843.md,3 行
金融機構資訊系統安全基準.md,金融機構資訊系統安全基準_table_844.md,4 行
金融機構資訊系統安全基準.md,金融機構資訊系統安全基準_table_845.md,2 行
金融機構資訊系統安全基準.md,金融機構資訊系統安全基準_table_846.md,3 行
金融機構資訊系統安全基準.md,金融機構資訊系統安全基準_table_847.md,4 行
金融機構資訊系統安全基準.md,金融機構資訊系統安全基準_table_848.md,2 行
金融機構資訊系統安全基準.md,金融機構資訊系統安全基準_table_849.md,3 行
金融機構資訊系統安全基準.md,金融機構資訊系統安全基準_table_850.md,4 行
金融機構資訊系統安全基準.md,金融機構資訊系統安全基準_table_851.md,2 行
金融機構資訊系統安全基準.md,金融機構資訊系統安全基準_table_852.md,3 行
金融機構資訊系統安全基準.md,金融機構資訊系統安全基準_table_853.md,4 行
金融機構資訊系統安全基準.md,金融機構資訊系統安全基準_table_854.md,2 行
金融機構資訊系統安全基準.md,金融機構資訊系統安全基準_table_855.md,3 行
金融機構資訊系統安全基準.md,金融機構資訊系統安全基準_table_856.md,4 行
金融機構資訊系統安全基準.md,金融機構資訊系統安全基準_table_857.md,2 行
金融機構資訊系統安全基準.md,金融機構資訊系統安全基準_table_858.md,3 行
金融機構資訊系統安全基準.md,金融機構資訊系統安全基準_table_859.md,4 行
金融機構資訊系統安全基準.md,金融機構資訊系統安全基準_table_860.md,2 行
金融機構資訊系統安全基準.md,金融機構資訊系統安全基準_table_861.md,3 行
金融機構資訊系統安全基準.md,金融機構資訊系統安全基準_table_862.md,4 行
金融機構資訊系統安全基準.md,金融機構資訊系統安全基準_table_863.md,2 行
金融機構資訊系統安全基準.md,金融機構資訊系統安全基準_table_864.md,3 行
金融機構資訊系統安全基準.md,金融機構資訊系統安全基準_table_865.md,4 行
金融機構資訊系統安全基準.md,金融機構資訊系統安全基準_table_866.md,2 行
金融機構資訊系統安全基準.md,金融機構資訊系統安全基準_table_867.md,3 行
金融機構資訊系統安全基準.md,金融機構資訊系統安全基準_table_868.md,4 行
金融機構資訊系統安全基準.md,金融機構資訊系統安全基準_table_869.md,2 行
金融機構資訊系統安全基準.md,金融機構資訊系統安全基準_table_870.md,3 行
金融機構資訊系統安全基準.md,金融機構資訊系統安全基準_table_871.md,4 行
金融機構資訊系統安全基準.md,金融機構資訊系統安全基準_table_872.md,2 行
金融機構資訊系統安全基準.md,金融機構資訊系統安全基準_table_873.md,3 行
金融機構資訊系統安全基準.md,金融機構資訊系統安全基準_table_874.md,4 行
金融機構資訊系統安全基準.md,金融機構資訊系統安全基準_table_875.md,2 行
金融機構資訊系統安全基準.md,金融機構資訊系統安全基準_table_876.md,3 行
金融機構資訊系統安全基準.md,金融機構資訊系統安全基準_table_877.md,4 行
金融機構資訊系統安全基準.md,金融機構資訊系統安全基準_table_878.md,2 行
金融機構資訊系統安全基準.md,金融機構資訊系統安全基準_table_879.md,3 行
金融機構資訊系統安全基準.md,金融機構資訊系統安全基準_table_880.md,3 行
金融機構資訊系統安全基準.md,金融機構資訊系統安全基準_table_881.md,4 行
金融機構資訊系統安全基準.md,金融機構資訊系統安全基準_table_882.md,2 行
金融機構資訊系統安全基準.md,金融機構資訊系統安全基準_table_883.md,3 行
金融機構資訊系統安全基準.md,金融機構資訊系統安全基準_table_884.md,4 行
金融機構資訊系統安全基準.md,金融機構資訊系統安全基準_table_885.md,2 行
金融機構資訊系統安全基準.md,金融機構資訊系統安全基準_table_886.md,3 行
金融機構資訊系統安全基準.md,金融機構資訊系統安全基準_table_887.md,4 行
金融機構資訊系統安全基準.md,金融機構資訊系統安全基準_table_888.md,2 行
金融機構資訊系統安全基準.md,金融機構資訊系統安全基準_table_889.md,3 行
金融機構資訊系統安全基準.md,金融機構資訊系統安全基準_table_890.md,4 行
金融機構資訊系統安全基準.md,金融機構資訊系統安全基準_table_891.md,2 行
金融機構資訊系統安全基準.md,金融機構資訊系統安全基準_table_892.md,3 行
金融機構資訊系統安全基準.md,金融機構資訊系統安全基準_table_893.md,4 行
金融機構資訊系統安全基準.md,金融機構資訊系統安全基準_table_894.md,2 行
金融機構資訊系統安全基準.md,金融機構資訊系統安全基準_table_895.md,3 行
金融機構資訊系統安全基準.md,金融機構資訊系統安全基準_table_896.md,4 行
金融機構資訊系統安全基準.md,金融機構資訊系統安全基準_table_897.md,2 行
金融機構資訊系統安全基準.md,金融機構資訊系統安全基準_table_898.md,3 行
金融機構資訊系統安全基準.md,金融機構資訊系統安全基準_table_899.md,4 行
金融機構資訊系統安全基準.md,金融機構資訊系統安全基準_table_900.md,2 行
金融機構資訊系統安全基準.md,金融機構資訊系統安全基準_table_901.md,3 行
金融機構資訊系統安全基準.md,金融機構資訊系統安全基準_table_902.md,4 行
金融機構資訊系統安全基準.md,金融機構資訊系統安全基準_table_903.md,2 行
金融機構資訊系統安全基準.md,金融機構資訊系統安全基準_table_904.md,3 行
金融機構資訊系統安全基準.md,金融機構資訊系統安全基準_table_905.md,5 行
金融機構資訊系統安全基準.md,金融機構資訊系統安全基準_table_906.md,4 行
金融機構資訊系統安全基準.md,金融機構資訊系統安全基準_table_907.md,4 行
金融機構資訊系統安全基準.md,金融機構資訊系統安全基準_table_908.md,6 行
金融機構資訊系統安全基準.md,金融機構資訊系統安全基準_table_909.md,5 行
金融機構資訊系統安全基準.md,金融機構資訊系統安全基準_table_910.md,6 行
金融機構資訊系統安全基準.md,金融機構資訊系統安全基準_table_911.md,6 行
金融機構資訊系統安全基準.md,金融機構資訊系統安全基準_table_912.md,5 行
金融機構資訊系統安全基準.md,金融機構資訊系統安全基準_table_913.md,5 行
金融機構資訊系統安全基準.md,金融機構資訊系統安全基準_table_914.md,4 行
金融機構資訊系統安全基準.md,金融機構資訊系統安全基準_table_915.md,3 行
金融機構資訊系統安全基準.md,金融機構資訊系統安全基準_table_916.md,4 行
金融機構資訊系統安全基準.md,金融機構資訊系統安全基準_table_917.md,5 行
金融機構資訊系統安全基準.md,金融機構資訊系統安全基準_table_918.md,4 行
金融機構資訊系統安全基準.md,金融機構資訊系統安全基準_table_919.md,4 行
金融機構辦理電子銀行業務安全控管作業基準含附錄1150107.md,金融機構辦理電子銀行業務安全控管作業基準含附錄1150107_table_1.md,7 行
金融機構辦理電子銀行業務安全控管作業基準含附錄1150107.md,金融機構辦理電子銀行業務安全控管作業基準含附錄1150107_table_2.md,3 行
金融機構辦理電子銀行業務安全控管作業基準含附錄1150107.md,金融機構辦理電子銀行業務安全控管作業基準含附錄1150107_table_3.md,3 行
金融機構辦理電子銀行業務安全控管作業基準含附錄1150107.md,金融機構辦理電子銀行業務安全控管作業基準含附錄1150107_table_4.md,8 行
金融機構辦理電子銀行業務安全控管作業基準含附錄1150107.md,金融機構辦理電子銀行業務安全控管作業基準含附錄1150107_table_5.md,3 行
金融機構辦理電子銀行業務安全控管作業基準含附錄1150107.md,金融機構辦理電子銀行業務安全控管作業基準含附錄1150107_table_6.md,3 行
金融機構辦理電子銀行業務安全控管作業基準含附錄1150107.md,金融機構辦理電子銀行業務安全控管作業基準含附錄1150107_table_7.md,4 行
金融機構辦理電子銀行業務安全控管作業基準含附錄1150107.md,金融機構辦理電子銀行業務安全控管作業基準含附錄1150107_table_8.md,3 行
金融機構辦理電子銀行業務安全控管作業基準含附錄1150107.md,金融機構辦理電子銀行業務安全控管作業基準含附錄1150107_table_9.md,4 行
金融機構辦理電子銀行業務安全控管作業基準含附錄1150107.md,金融機構辦理電子銀行業務安全控管作業基準含附錄1150107_table_10.md,3 行
金融機構辦理電子銀行業務安全控管作業基準含附錄1150107.md,金融機構辦理電子銀行業務安全控管作業基準含附錄1150107_table_11.md,4 行
金融機構辦理電子銀行業務安全控管作業基準含附錄1150107.md,金融機構辦理電子銀行業務安全控管作業基準含附錄1150107_table_12.md,3 行
金融機構辦理電子銀行業務安全控管作業基準含附錄1150107.md,金融機構辦理電子銀行業務安全控管作業基準含附錄1150107_table_13.md,4 行
金融機構辦理電子銀行業務安全控管作業基準含附錄1150107.md,金融機構辦理電子銀行業務安全控管作業基準含附錄1150107_table_14.md,3 行
金融機構辦理電子銀行業務安全控管作業基準含附錄1150107.md,金融機構辦理電子銀行業務安全控管作業基準含附錄1150107_table_15.md,5 行
金融機構辦理電子銀行業務安全控管作業基準含附錄1150107.md,金融機構辦理電子銀行業務安全控管作業基準含附錄1150107_table_16.md,3 行
金融機構辦理電子銀行業務安全控管作業基準含附錄1150107.md,金融機構辦理電子銀行業務安全控管作業基準含附錄1150107_table_17.md,3 行
金融機構辦理電子銀行業務安全控管作業基準含附錄1150107.md,金融機構辦理電子銀行業務安全控管作業基準含附錄1150107_table_18.md,4 行
金融機構辦理電子銀行業務安全控管作業基準含附錄1150107.md,金融機構辦理電子銀行業務安全控管作業基準含附錄1150107_table_19.md,3 行
金融機構辦理電子銀行業務安全控管作業基準含附錄1150107.md,金融機構辦理電子銀行業務安全控管作業基準含附錄1150107_table_20.md,4 行
金融機構辦理電子銀行業務安全控管作業基準含附錄1150107.md,金融機構辦理電子銀行業務安全控管作業基準含附錄1150107_table_21.md,3 行
金融機構辦理電子銀行業務安全控管作業基準含附錄1150107.md,金融機構辦理電子銀行業務安全控管作業基準含附錄1150107_table_22.md,4 行
金融機構辦理電子銀行業務安全控管作業基準含附錄1150107.md,金融機構辦理電子銀行業務安全控管作業基準含附錄1150107_table_23.md,3 行
金融機構辦理電子銀行業務安全控管作業基準含附錄1150107.md,金融機構辦理電子銀行業務安全控管作業基準含附錄1150107_table_24.md,4 行
金融機構辦理電子銀行業務安全控管作業基準含附錄1150107.md,金融機構辦理電子銀行業務安全控管作業基準含附錄1150107_table_25.md,3 行
金融機構辦理電子銀行業務安全控管作業基準含附錄1150107.md,金融機構辦理電子銀行業務安全控管作業基準含附錄1150107_table_26.md,4 行
金融機構辦理電子銀行業務安全控管作業基準含附錄1150107.md,金融機構辦理電子銀行業務安全控管作業基準含附錄1150107_table_27.md,4 行
金融機構辦理電子銀行業務安全控管作業基準含附錄1150107.md,金融機構辦理電子銀行業務安全控管作業基準含附錄1150107_table_28.md,3 行
金融機構辦理電子銀行業務安全控管作業基準含附錄1150107.md,金融機構辦理電子銀行業務安全控管作業基準含附錄1150107_table_29.md,2 行
金融機構辦理電子銀行業務安全控管作業基準含附錄1150107.md,金融機構辦理電子銀行業務安全控管作業基準含附錄1150107_table_30.md,3 行
金融機構辦理電子銀行業務安全控管作業基準含附錄1150107.md,金融機構辦理電子銀行業務安全控管作業基準含附錄1150107_table_31.md,4 行
金融機構辦理電子銀行業務安全控管作業基準含附錄1150107.md,金融機構辦理電子銀行業務安全控管作業基準含附錄1150107_table_32.md,3 行
金融機構辦理電子銀行業務安全控管作業基準含附錄1150107.md,金融機構辦理電子銀行業務安全控管作業基準含附錄1150107_table_33.md,4 行
金融機構辦理電子銀行業務安全控管作業基準含附錄1150107.md,金融機構辦理電子銀行業務安全控管作業基準含附錄1150107_table_34.md,3 行
金融機構辦理電子銀行業務安全控管作業基準含附錄1150107.md,金融機構辦理電子銀行業務安全控管作業基準含附錄1150107_table_35.md,4 行
金融機構辦理電子銀行業務安全控管作業基準含附錄1150107.md,金融機構辦理電子銀行業務安全控管作業基準含附錄1150107_table_36.md,3 行
金融機構辦理電子銀行業務安全控管作業基準含附錄1150107.md,金融機構辦理電子銀行業務安全控管作業基準含附錄1150107_table_37.md,3 行
金融機構辦理電子銀行業務安全控管作業基準含附錄1150107.md,金融機構辦理電子銀行業務安全控管作業基準含附錄1150107_table_38.md,3 行
金融機構辦理電子銀行業務安全控管作業基準含附錄1150107.md,金融機構辦理電子銀行業務安全控管作業基準含附錄1150107_table_39.md,3 行
金融機構辦理電子銀行業務安全控管作業基準含附錄1150107.md,金融機構辦理電子銀行業務安全控管作業基準含附錄1150107_table_40.md,4 行
金融機構辦理電子銀行業務安全控管作業基準含附錄1150107.md,金融機構辦理電子銀行業務安全控管作業基準含附錄1150107_table_41.md,3 行
金融機構辦理電子銀行業務安全控管作業基準含附錄1150107.md,金融機構辦理電子銀行業務安全控管作業基準含附錄1150107_table_42.md,3 行
金融機構辦理電子銀行業務安全控管作業基準含附錄1150107.md,金融機構辦理電子銀行業務安全控管作業基準含附錄1150107_table_43.md,4 行
金融機構辦理電子銀行業務安全控管作業基準含附錄1150107.md,金融機構辦理電子銀行業務安全控管作業基準含附錄1150107_table_44.md,3 行
金融機構辦理電子銀行業務安全控管作業基準含附錄1150107.md,金融機構辦理電子銀行業務安全控管作業基準含附錄1150107_table_45.md,5 行
金融機構辦理電子銀行業務安全控管作業基準含附錄1150107.md,金融機構辦理電子銀行業務安全控管作業基準含附錄1150107_table_46.md,3 行
金融機構辦理電子銀行業務安全控管作業基準含附錄1150107.md,金融機構辦理電子銀行業務安全控管作業基準含附錄1150107_table_47.md,4 行
金融機構辦理電子銀行業務安全控管作業基準含附錄1150107.md,金融機構辦理電子銀行業務安全控管作業基準含附錄1150107_table_48.md,3 行
金融機構辦理電子銀行業務安全控管作業基準含附錄1150107.md,金融機構辦理電子銀行業務安全控管作業基準含附錄1150107_table_49.md,4 行
金融機構辦理電子銀行業務安全控管作業基準含附錄1150107.md,金融機構辦理電子銀行業務安全控管作業基準含附錄1150107_table_50.md,4 行
金融機構辦理電子銀行業務安全控管作業基準含附錄1150107.md,金融機構辦理電子銀行業務安全控管作業基準含附錄1150107_table_51.md,3 行
金融機構辦理電子銀行業務安全控管作業基準含附錄1150107.md,金融機構辦理電子銀行業務安全控管作業基準含附錄1150107_table_52.md,5 行
金融機構辦理電子銀行業務安全控管作業基準含附錄1150107.md,金融機構辦理電子銀行業務安全控管作業基準含附錄1150107_table_53.md,3 行
金融機構辦理電子銀行業務安全控管作業基準含附錄1150107.md,金融機構辦理電子銀行業務安全控管作業基準含附錄1150107_table_54.md,4 行
金融機構辦理電子銀行業務安全控管作業基準含附錄1150107.md,金融機構辦理電子銀行業務安全控管作業基準含附錄1150107_table_55.md,3 行
金融機構辦理電子銀行業務安全控管作業基準含附錄1150107.md,金融機構辦理電子銀行業務安全控管作業基準含附錄1150107_table_56.md,4 行
金融機構辦理電子銀行業務安全控管作業基準含附錄1150107.md,金融機構辦理電子銀行業務安全控管作業基準含附錄1150107_table_57.md,3 行
金融機構辦理電子銀行業務安全控管作業基準含附錄1150107.md,金融機構辦理電子銀行業務安全控管作業基準含附錄1150107_table_58.md,4 行
金融機構辦理電子銀行業務安全控管作業基準含附錄1150107.md,金融機構辦理電子銀行業務安全控管作業基準含附錄1150107_table_59.md,3 行
金融機構辦理電子銀行業務安全控管作業基準含附錄1150107.md,金融機構辦理電子銀行業務安全控管作業基準含附錄1150107_table_60.md,4 行
金融機構辦理電子銀行業務安全控管作業基準含附錄1150107.md,金融機構辦理電子銀行業務安全控管作業基準含附錄1150107_table_61.md,3 行
金融機構辦理電子銀行業務安全控管作業基準含附錄1150107.md,金融機構辦理電子銀行業務安全控管作業基準含附錄1150107_table_62.md,4 行
金融機構辦理電子銀行業務安全控管作業基準含附錄1150107.md,金融機構辦理電子銀行業務安全控管作業基準含附錄1150107_table_63.md,3 行
金融機構辦理電子銀行業務安全控管作業基準含附錄1150107.md,金融機構辦理電子銀行業務安全控管作業基準含附錄1150107_table_64.md,4 行
金融機構辦理電子銀行業務安全控管作業基準含附錄1150107.md,金融機構辦理電子銀行業務安全控管作業基準含附錄1150107_table_65.md,3 行
金融機構辦理電子銀行業務安全控管作業基準含附錄1150107.md,金融機構辦理電子銀行業務安全控管作業基準含附錄1150107_table_66.md,5 行
金融機構辦理電子銀行業務安全控管作業基準含附錄1150107.md,金融機構辦理電子銀行業務安全控管作業基準含附錄1150107_table_67.md,3 行
金融機構辦理電子銀行業務安全控管作業基準含附錄1150107.md,金融機構辦理電子銀行業務安全控管作業基準含附錄1150107_table_68.md,3 行
金融機構辦理電子銀行業務安全控管作業基準含附錄1150107.md,金融機構辦理電子銀行業務安全控管作業基準含附錄1150107_table_69.md,5 行
金融機構辦理電子銀行業務安全控管作業基準含附錄1150107.md,金融機構辦理電子銀行業務安全控管作業基準含附錄1150107_table_70.md,3 行
金融機構辦理電子銀行業務安全控管作業基準含附錄1150107.md,金融機構辦理電子銀行業務安全控管作業基準含附錄1150107_table_71.md,4 行
金融機構辦理電子銀行業務安全控管作業基準含附錄1150107.md,金融機構辦理電子銀行業務安全控管作業基準含附錄1150107_table_72.md,3 行
金融機構辦理電子銀行業務安全控管作業基準含附錄1150107.md,金融機構辦理電子銀行業務安全控管作業基準含附錄1150107_table_73.md,4 行
金融機構辦理電子銀行業務安全控管作業基準含附錄1150107.md,金融機構辦理電子銀行業務安全控管作業基準含附錄1150107_table_74.md,4 行
金融機構辦理電子銀行業務安全控管作業基準含附錄1150107.md,金融機構辦理電子銀行業務安全控管作業基準含附錄1150107_table_75.md,4 行
金融機構辦理電子銀行業務安全控管作業基準含附錄1150107.md,金融機構辦理電子銀行業務安全控管作業基準含附錄1150107_table_76.md,3 行
金融機構辦理電子銀行業務安全控管作業基準含附錄1150107.md,金融機構辦理電子銀行業務安全控管作業基準含附錄1150107_table_77.md,4 行
金融機構辦理電子銀行業務安全控管作業基準含附錄1150107.md,金融機構辦理電子銀行業務安全控管作業基準含附錄1150107_table_78.md,3 行
金融機構辦理電子銀行業務安全控管作業基準含附錄1150107.md,金融機構辦理電子銀行業務安全控管作業基準含附錄1150107_table_79.md,4 行
金融機構辦理電子銀行業務安全控管作業基準含附錄1150107.md,金融機構辦理電子銀行業務安全控管作業基準含附錄1150107_table_80.md,3 行
金融機構辦理電子銀行業務安全控管作業基準含附錄1150107.md,金融機構辦理電子銀行業務安全控管作業基準含附錄1150107_table_81.md,3 行
金融機構辦理電子銀行業務安全控管作業基準含附錄1150107.md,金融機構辦理電子銀行業務安全控管作業基準含附錄1150107_table_82.md,3 行
金融機構辦理電子銀行業務安全控管作業基準含附錄1150107.md,金融機構辦理電子銀行業務安全控管作業基準含附錄1150107_table_83.md,4 行
金融機構辦理電子銀行業務安全控管作業基準含附錄1150107.md,金融機構辦理電子銀行業務安全控管作業基準含附錄1150107_table_84.md,3 行
金融機構辦理電子銀行業務安全控管作業基準含附錄1150107.md,金融機構辦理電子銀行業務安全控管作業基準含附錄1150107_table_85.md,17 行
金融機構辦理電子銀行業務安全控管作業基準含附錄1150107.md,金融機構辦理電子銀行業務安全控管作業基準含附錄1150107_table_86.md,19 行
金融機構辦理電子銀行業務安全控管作業基準含附錄1150107.md,金融機構辦理電子銀行業務安全控管作業基準含附錄1150107_table_87.md,17 行
金融機構辦理電子銀行業務安全控管作業基準含附錄1150107.md,金融機構辦理電子銀行業務安全控管作業基準含附錄1150107_table_88.md,17 行
金融機構辦理電子銀行業務安全控管作業基準含附錄1150107.md,金融機構辦理電子銀行業務安全控管作業基準含附錄1150107_table_89.md,17 行
金融機構辦理電子銀行業務安全控管作業基準含附錄1150107.md,金融機構辦理電子銀行業務安全控管作業基準含附錄1150107_table_90.md,11 行
金融機構辦理電子銀行業務安全控管作業基準含附錄1150107.md,金融機構辦理電子銀行業務安全控管作業基準含附錄1150107_table_91.md,9 行
金融機構辦理電子銀行業務安全控管作業基準含附錄1150107.md,金融機構辦理電子銀行業務安全控管作業基準含附錄1150107_table_92.md,2 行
金融機構辦理電子銀行業務安全控管作業基準含附錄1150107.md,金融機構辦理電子銀行業務安全控管作業基準含附錄1150107_table_93.md,2 行
金融機構辦理電子銀行業務安全控管作業基準含附錄1150107.md,金融機構辦理電子銀行業務安全控管作業基準含附錄1150107_table_94.md,2 行
金融機構辦理電子銀行業務安全控管作業基準含附錄1150107.md,金融機構辦理電子銀行業務安全控管作業基準含附錄1150107_table_95.md,2 行
金融機構辦理電子銀行業務安全控管作業基準含附錄1150107.md,金融機構辦理電子銀行業務安全控管作業基準含附錄1150107_table_96.md,2 行
金融機構辦理電子銀行業務安全控管作業基準含附錄1150107.md,金融機構辦理電子銀行業務安全控管作業基準含附錄1150107_table_97.md,2 行
金融機構辦理電子銀行業務安全控管作業基準含附錄1150107.md,金融機構辦理電子銀行業務安全控管作業基準含附錄1150107_table_98.md,2 行
金融機構辦理電子銀行業務安全控管作業基準含附錄1150107.md,金融機構辦理電子銀行業務安全控管作業基準含附錄1150107_table_99.md,2 行
金融機構辦理電子銀行業務安全控管作業基準含附錄1150107.md,金融機構辦理電子銀行業務安全控管作業基準含附錄1150107_table_100.md,2 行
金融機構辦理電子銀行業務安全控管作業基準含附錄1150107.md,金融機構辦理電子銀行業務安全控管作業基準含附錄1150107_table_101.md,2 行
金融機構辦理電子銀行業務安全控管作業基準含附錄1150107.md,金融機構辦理電子銀行業務安全控管作業基準含附錄1150107_table_102.md,2 行
金融機構辦理電子銀行業務安全控管作業基準含附錄1150107.md,金融機構辦理電子銀行業務安全控管作業基準含附錄1150107_table_103.md,12 行
金融機構辦理電子銀行業務安全控管作業基準含附錄1150107.md,金融機構辦理電子銀行業務安全控管作業基準含附錄1150107_table_104.md,10 行
金融機構辦理電子銀行業務安全控管作業基準含附錄1150107.md,金融機構辦理電子銀行業務安全控管作業基準含附錄1150107_table_105.md,6 行
金融機構辦理電子銀行業務安全控管作業基準含附錄1150107.md,金融機構辦理電子銀行業務安全控管作業基準含附錄1150107_table_106.md,9 行
金融機構辦理電子銀行業務安全控管作業基準含附錄1150107.md,金融機構辦理電子銀行業務安全控管作業基準含附錄1150107_table_107.md,8 行
金融機構辦理電子銀行業務安全控管作業基準含附錄1150107.md,金融機構辦理電子銀行業務安全控管作業基準含附錄1150107_table_108.md,9 行
金融機構辦理電子銀行業務安全控管作業基準含附錄1150107.md,金融機構辦理電子銀行業務安全控管作業基準含附錄1150107_table_109.md,5 行
金融機構辦理電子銀行業務安全控管作業基準含附錄1150107.md,金融機構辦理電子銀行業務安全控管作業基準含附錄1150107_table_110.md,10 行
金融機構辦理電子銀行業務安全控管作業基準含附錄1150107.md,金融機構辦理電子銀行業務安全控管作業基準含附錄1150107_table_111.md,7 行
金融機構辦理電子銀行業務安全控管作業基準含附錄1150107.md,金融機構辦理電子銀行業務安全控管作業基準含附錄1150107_table_112.md,3 行
金融機構辦理電子銀行業務安全控管作業基準含附錄1150107.md,金融機構辦理電子銀行業務安全控管作業基準含附錄1150107_table_113.md,7 行
金融機構辦理電子銀行業務安全控管作業基準含附錄1150107.md,金融機構辦理電子銀行業務安全控管作業基準含附錄1150107_table_114.md,3 行
金融機構辦理電子銀行業務安全控管作業基準含附錄1150107.md,金融機構辦理電子銀行業務安全控管作業基準含附錄1150107_table_115.md,11 行
金融機構辦理電子銀行業務安全控管作業基準含附錄1150107.md,金融機構辦理電子銀行業務安全控管作業基準含附錄1150107_table_116.md,7 行
金融機構辦理電子銀行業務安全控管作業基準含附錄1150107.md,金融機構辦理電子銀行業務安全控管作業基準含附錄1150107_table_117.md,11 行
金融機構辦理電子銀行業務安全控管作業基準含附錄1150107.md,金融機構辦理電子銀行業務安全控管作業基準含附錄1150107_table_118.md,6 行
金融機構辦理電子銀行業務安全控管作業基準含附錄1150107.md,金融機構辦理電子銀行業務安全控管作業基準含附錄1150107_table_119.md,2 行
金融機構辦理電子銀行業務安全控管作業基準含附錄1150107.md,金融機構辦理電子銀行業務安全控管作業基準含附錄1150107_table_120.md,2 行
金融機構辦理電子銀行業務安全控管作業基準含附錄1150107.md,金融機構辦理電子銀行業務安全控管作業基準含附錄1150107_table_121.md,5 行
金融機構辦理電子銀行業務安全控管作業基準含附錄1150107.md,金融機構辦理電子銀行業務安全控管作業基準含附錄1150107_table_122.md,4 行
金融機構辦理電子銀行業務安全控管作業基準含附錄1150107.md,金融機構辦理電子銀行業務安全控管作業基準含附錄1150107_table_123.md,3 行
金融機構辦理電子銀行業務安全控管作業基準含附錄1150107.md,金融機構辦理電子銀行業務安全控管作業基準含附錄1150107_table_124.md,8 行
金融機構辦理電子銀行業務安全控管作業基準含附錄1150107.md,金融機構辦理電子銀行業務安全控管作業基準含附錄1150107_table_125.md,4 行
金融機構辦理電子銀行業務安全控管作業基準含附錄1150107.md,金融機構辦理電子銀行業務安全控管作業基準含附錄1150107_table_126.md,10 行
金融機構辦理電子銀行業務安全控管作業基準含附錄1150107.md,金融機構辦理電子銀行業務安全控管作業基準含附錄1150107_table_127.md,6 行
金融機構辦理電子銀行業務安全控管作業基準含附錄1150107.md,金融機構辦理電子銀行業務安全控管作業基準含附錄1150107_table_128.md,6 行
金融機構辦理電子銀行業務安全控管作業基準含附錄1150107.md,金融機構辦理電子銀行業務安全控管作業基準含附錄1150107_table_129.md,9 行
金融機構辦理電子銀行業務安全控管作業基準含附錄1150107.md,金融機構辦理電子銀行業務安全控管作業基準含附錄1150107_table_130.md,8 行
金融機構辦理電子銀行業務安全控管作業基準含附錄1150107.md,金融機構辦理電子銀行業務安全控管作業基準含附錄1150107_table_131.md,8 行
金融機構辦理電子銀行業務安全控管作業基準含附錄1150107.md,金融機構辦理電子銀行業務安全控管作業基準含附錄1150107_table_132.md,4 行
金融機構辦理電子銀行業務安全控管作業基準含附錄1150107.md,金融機構辦理電子銀行業務安全控管作業基準含附錄1150107_table_133.md,9 行
金融機構辦理電子銀行業務安全控管作業基準含附錄1150107.md,金融機構辦理電子銀行業務安全控管作業基準含附錄1150107_table_134.md,5 行
金融機構辦理電子銀行業務安全控管作業基準含附錄1150107.md,金融機構辦理電子銀行業務安全控管作業基準含附錄1150107_table_135.md,8 行
金融機構辦理電子銀行業務安全控管作業基準含附錄1150107.md,金融機構辦理電子銀行業務安全控管作業基準含附錄1150107_table_136.md,4 行
金融機構辦理電子銀行業務安全控管作業基準含附錄1150107.md,金融機構辦理電子銀行業務安全控管作業基準含附錄1150107_table_137.md,8 行
金融機構辦理電子銀行業務安全控管作業基準含附錄1150107.md,金融機構辦理電子銀行業務安全控管作業基準含附錄1150107_table_138.md,4 行
金融機構辦理電子銀行業務安全控管作業基準含附錄1150107.md,金融機構辦理電子銀行業務安全控管作業基準含附錄1150107_table_139.md,9 行
金融機構辦理電子銀行業務安全控管作業基準含附錄1150107.md,金融機構辦理電子銀行業務安全控管作業基準含附錄1150107_table_140.md,5 行
金融機構辦理電子銀行業務安全控管作業基準含附錄1150107.md,金融機構辦理電子銀行業務安全控管作業基準含附錄1150107_table_141.md,7 行
金融機構辦理電子銀行業務安全控管作業基準含附錄1150107.md,金融機構辦理電子銀行業務安全控管作業基準含附錄1150107_table_142.md,3 行
附件1_金融機構提供行動裝置應用程式作業規範.md,附件1_金融機構提供行動裝置應用程式作業規範_table_1.md,3 行
附件一_金融機構提供自動櫃員機系統安全作業規範1140709.md,附件一_金融機構提供自動櫃員機系統安全作業規範1140709_table_1.md,10 行
